Abies_holophylla,CBS
Abies_nephrolepis,CBS
Acalypha_australis,CBS
Acer_barbinerve,CBS
Acer_linganense_subsp._koreanum,CBS
Acer_mandshuricum,CBS
Acer_pseudosieboldianum,CBS
Acer_tataricum_subsp._ginnala,CBS
Acer_tegmentosum,CBS
Acer_triflorum,CBS
Acer_truncatum,CBS
Acer_ukurunduense,CBS
Achillea_alpina,CBS
Achillea_ptarmica,CBS
Achillea_ptarmicoides,CBS
Achnatherum_pekinense,CBS
Achnatherum_pubicalyx,CBS
Aconitum_alboviolaceum,CBS
Aconitum_coreanum,CBS
Aconitum_dunhuaense,CBS
Aconitum_fusungense,CBS
Aconitum_jaluense,CBS
Aconitum_kirinense,CBS
Aconitum_monanthum,CBS
Aconitum_paniculigerum,CBS
Aconitum_tanguticum,CBS
Aconitum_umbrosum,CBS
Aconitum_villosum,CBS
Aconitum_volubile,CBS
Aconitum_volubile_var._latisectum,CBS
Aconogonon_limosum,CBS
Aconogonon_platyphyllum,CBS
Acorus_calamus,CBS
Actaea_asiatica,CBS
Actaea_dahurica,CBS
Actaea_rubra,CBS
Actaea_simplex,CBS
Actinidia_arguta,CBS
Actinidia_kolomikta,CBS
Actinidia_polygama,CBS
Adenocaulon_himalaicum,CBS
Adenophora_coronopifolia,CBS
Adenophora_divaricata,CBS
Adenophora_grandiflora,CBS
Adenophora_pereskiifolia,CBS
Adenophora_polyantha,CBS
Adenophora_remotiflora,CBS
Adenophora_triphylla,CBS
Adlumia_asiatica,CBS
Adonis_amurensis,CBS
Adoxa_moschatellina,CBS
Aegopodium_alpestre,CBS
Agastache_rugosa,CBS
Agrimonia_coreana,CBS
Agrimonia_pilosa,CBS
Agrostemma_githago,CBS
Agrostis_clavata,CBS
Agrostis_divaricatissima,CBS
Agrostis_hyemalis,CBS
Agrostis_stolonifera,CBS
Agrostis_vinealis,CBS
Alangium_platanifolium,CBS
Alisma_gramineum,CBS
Alisma_plantago-aquatica,CBS
Allium_bidentatum,CBS
Allium_condensatum,CBS
Allium_ledebourianum,CBS
Allium_macrostemon,CBS
Allium_maximowiczii,CBS
Allium_monanthum,CBS
Allium_neriniflorum,CBS
Allium_schoenoprasum,CBS
Allium_senescens,CBS
Allium_splendens,CBS
Allium_thunbergii,CBS
Allium_victorialis,CBS
Alnus_hirsuta,CBS
Alnus_japonica,CBS
Alnus_mandshurica,CBS
Alopecurus_pratensis,CBS
Amaranthus_retroflexus,CBS
Amethystea_caerulea,CBS
Ampelopsis_glandulosa_var._brevipedunculata,CBS
Amphicarpaea_trisperma,CBS
Androsace_bungeana,CBS
Androsace_filiformis,CBS
Androsace_umbellata,CBS
Anemone_amurensis,CBS
Anemone_baicalensis,CBS
Anemone_cathayensis,CBS
Anemone_dichotoma,CBS
Anemone_raddeana,CBS
Anemone_reflexa,CBS
Anemone_rossii,CBS
Anemone_stolonifera,CBS
Anemone_sylvestris,CBS
Anemone_umbrosa,CBS
Angelica_amurensis,CBS
Angelica_anomala,CBS
Angelica_cartilaginomarginata,CBS
Angelica_dahurica,CBS
Angelica_gigas,CBS
Anthoxanthum_nipponicum,CBS
Anthoxanthum_odoratum,CBS
Anthriscus_sylvestris,CBS
Aquilegia_japonica,CBS
Aquilegia_oxysepala,CBS
Aquilegia_viridiflora,CBS
Arabidopsis_kamchatica,CBS
Arabis_coronata,CBS
Arabis_hirsuta,CBS
Arabis_nipponica,CBS
Aralia_continentalis,CBS
Aralia_elata,CBS
Arctium_lappa,CBS
Arctous_alpina,CBS
Arctous_rubra,CBS
Arisaema_amurense,CBS
Arisaema_heterophyllum,CBS
Arisaema_peninsulae,CBS
Aristolochia_contorta,CBS
Aristolochia_manshuriensis,CBS
Artemisia_afra,CBS
Artemisia_alba,CBS
Artemisia_apiacea,CBS
Artemisia_gmelinii,CBS
Artemisia_keiskeana,CBS
Artemisia_lagocephala,CBS
Artemisia_lavandulifolia,CBS
Artemisia_manshurica,CBS
Artemisia_mongolica,CBS
Artemisia_scoparia,CBS
Artemisia_sieversiana,CBS
Artemisia_splendens,CBS
Artemisia_stolonifera,CBS
Artemisia_sylvatica,CBS
Arthraxon_hispidus,CBS
Aruncus_dioicus,CBS
Asarum_heterotropoides_var._mandshuricum,CBS
Asarum_sieboldii,CBS
Asparagus_schoberioides,CBS
Aster_ageratoides,CBS
Aster_alpinus,CBS
Aster_altaicus,CBS
Aster_incisus,CBS
Aster_indicus,CBS
Aster_maackii,CBS
Aster_pekinensis,CBS
Aster_scaber,CBS
Aster_tataricus,CBS
Astilbe_chinensis,CBS
Astilbe_koreana,CBS
Astilboides_tabularis,CBS
Astragalus_melilotoides,CBS
Astragalus_membranaceus,CBS
Astragalus_stevenianus,CBS
Astragalus_uliginosus,CBS
Asyneuma_japonicum,CBS
Atractylodes_lancea,CBS
Barbarea_orthoceras,CBS
Bassia_prostrata,CBS
Bassia_scoparia,CBS
Beckmannia_syzigachne,CBS
Berberis_amurensis,CBS
Betula_costata,CBS
Betula_davurica,CBS
Betula_ermanii,CBS
Betula_fruticosa,CBS
Betula_ovalifolia,CBS
Betula_platyphylla,CBS
Betula_schmidtii,CBS
Bidens_cernua,CBS
Bidens_maximowicziana,CBS
Bidens_parviflora,CBS
Bidens_tripartita,CBS
Bistorta_elliptica,CBS
Bistorta_manshuriensis,CBS
Bistorta_vivipara,CBS
Boehmeria_tricuspis,CBS
Bolboschoenus_planiculmis,CBS
Brachybotrys_paridiformis,CBS
Bromus_pumpellianus,CBS
Brylkinia_caudata,CBS
Bupleurum_chinense,CBS
Bupleurum_euphorbioides,CBS
Bupleurum_komarovianum,CBS
Bupleurum_longiradiatum,CBS
Bupleurum_scorzonerifolium,CBS
Butomus_umbellatus,CBS
Calamagrostis_arundinacea,CBS
Calamagrostis_epigeios,CBS
Calamagrostis_nivicola,CBS
Calamagrostis_pseudophragmites,CBS
Calamagrostis_purpurea,CBS
Calla_palustris,CBS
Callistephus_chinensis,CBS
Callitriche_palustris,CBS
Caltha_palustris_var._membranacea,CBS
Caltha_palustris_var._sibirica,CBS
Calypso_bulbosa,CBS
Campanula_glomerata,CBS
Campanula_punctata,CBS
Campylotropis_macrocarpa,CBS
Capsella_bursa-pastoris,CBS
Cardamine_changbaiana,CBS
Cardamine_impatiens,CBS
Cardamine_komarovii,CBS
Cardamine_leucantha,CBS
Cardamine_lyrata,CBS
Cardamine_parviflora,CBS
Cardamine_pratensis,CBS
Cardamine_prorepens,CBS
Cardamine_scutata,CBS
Cardamine_trifida,CBS
Cardamine_yezoensis,CBS
Carduus_crispus,CBS
Carex_appendiculata,CBS
Carex_atrata,CBS
Carex_augustinowiczii,CBS
Carex_biwensis,CBS
Carex_bostrychostigma,CBS
Carex_canescens,CBS
Carex_capillacea,CBS
Carex_capillaris,CBS
Carex_capricornis,CBS
Carex_dispalata,CBS
Carex_disperma,CBS
Carex_drymophila,CBS
Carex_ebenea,CBS
Carex_echinata,CBS
Carex_eleusinoides,CBS
Carex_erythrobasis,CBS
Carex_forficula,CBS
Carex_globularis,CBS
Carex_glossostigma,CBS
Carex_gmelinii,CBS
Carex_humida,CBS
Carex_humilis,CBS
Carex_kirinensis,CBS
Carex_laevissima,CBS
Carex_lanceolata,CBS
Carex_leiorhyncha,CBS
Carex_lithophila,CBS
Carex_loliacea,CBS
Carex_longerostrata,CBS
Carex_lyngbyei,CBS
Carex_maximowiczii,CBS
Carex_media,CBS
Carex_meyeriana,CBS
Carex_nakaoana,CBS
Carex_nervata,CBS
Carex_neurocarpa,CBS
Carex_onoei,CBS
Carex_orthostachys,CBS
Carex_pallescens,CBS
Carex_pediformis,CBS
Carex_peiktusanii,CBS
Carex_pilosa,CBS
Carex_planiculmis,CBS
Carex_pseudocuraica,CBS
Carex_quadriflora,CBS
Carex_raddei,CBS
Carex_remotiuscula,CBS
Carex_rhynchophysa,CBS
Carex_riparia,CBS
Carex_rupestris,CBS
Carex_sedakowii,CBS
Carex_siderosticta,CBS
Carex_siroumensis,CBS
Carex_sordida,CBS
Carex_stipata,CBS
Carex_tarumensis,CBS
Carex_tenuiflora,CBS
Carex_tetrastachya,CBS
Carex_texensis,CBS
Carex_tuminensis,CBS
Carex_uda,CBS
Carex_ulobasis,CBS
Carex_ussuriensis,CBS
Carex_vesicaria,CBS
Carex_xiphium,CBS
Carex_zuluensis,CBS
Carpesium_cernuum,CBS
Carpesium_macrocephalum,CBS
Carpesium_triste,CBS
Carpinus_cordata,CBS
Catolobus_pendulus,CBS
Caulophyllum_robustum,CBS
Celastrus_flagellaris,CBS
Celastrus_orbiculatus,CBS
Cephalonoplos_segetum,CBS
Cerastium_baischanense,CBS
Cerastium_cerastoides,CBS
Cerastium_furcatum,CBS
Ceratophyllum_demersum,CBS
Chamaedaphne_calyculata,CBS
Chamerion_angustifolium,CBS
Chelidonium_majus,CBS
Chenopodiastrum_hybridum,CBS
Chenopodium_acuminatum,CBS
Chenopodium_album,CBS
Chenopodium_bryoniaefolium,CBS
Chenopodium_glaucum,CBS
Chenopodium_stenophyllum,CBS
Chimaphila_japonica,CBS
Chimaphila_umbellata,CBS
Chloris_virgata,CBS
Chosenia_maximowiczii,CBS
Chrysanthemum_oreastrum,CBS
Chrysanthemum_zawadskii,CBS
Chrysosplenium_alternifolium,CBS
Chrysosplenium_flagelliferum,CBS
Chrysosplenium_lectus-cochleae,CBS
Chrysosplenium_pilosum,CBS
Chrysosplenium_pilosum_var._sphaerospermum,CBS
Chrysosplenium_ramosum,CBS
Chrysosplenium_sinicum,CBS
Cicuta_virosa,CBS
Cinna_latifolia,CBS
Circaea_alpina,CBS
Circaea_cordata,CBS
Circaea_lutetiana,CBS
Cirsium_pendulum,CBS
Cirsium_setosum,CBS
Cirsium_vlassovianum,CBS
Clematis_brevicaudata,CBS
Clematis_fusca,CBS
Clematis_heracleifolia,CBS
Clematis_intricata,CBS
Clematis_koreana,CBS
Clematis_macropetala,CBS
Clematis_nobilis,CBS
Clematis_serratifolia,CBS
Clematis_terniflora_var._mandshurica,CBS
Clinopodium_chinense_var._parviflorum,CBS
Clintonia_udensis,CBS
Codonopsis_pilosula,CBS
Codonopsis_ussuriensis,CBS
Comarum_palustre,CBS
Commelina_communis,CBS
Convallaria_majalis,CBS
Corallorhiza_trifida,CBS
Cornus_alba,CBS
Cornus_canadensis,CBS
Corydalis_ambigua,CBS
Corydalis_buschii,CBS
Corydalis_gigantea,CBS
Corydalis_ochotensis,CBS
Corydalis_pallida,CBS
Corydalis_repens,CBS
Corydalis_speciosa,CBS
Corydalis_turtschaninovii,CBS
Corydalis_watanabei,CBS
Corylus_heterophylla,CBS
Corylus_mandshurica,CBS
Crataegus_dahurica,CBS
Crataegus_maximowiczii,CBS
Crataegus_pinnatifida,CBS
Crepidiastrum_sonchifolium,CBS
Cuscuta_chinensis,CBS
Cuscuta_europaea,CBS
Cuscuta_japonica,CBS
Cyperus_amuricus,CBS
Cyperus_difformis,CBS
Cyperus_limosus,CBS
Cyperus_zollingeri,CBS
Cypripedium_calceolus,CBS
Cypripedium_guttatum,CBS
Cypripedium_macranthos,CBS
Cypripedium_yatabeanum,CBS
Dactylorhiza_viridis,CBS
Daphne_pseudomezereum_var._koreana,CBS
Dasiphora_fruticosa,CBS
Delphinium_maackianum,CBS
Deschampsia_cespitosa,CBS
Deutzia_glabrata,CBS
Deutzia_parviflora,CBS
Deutzia_parviflora_var._amurensis,CBS
Deyeuxia_angustifolia,CBS
Dianthus_chinensis,CBS
Dianthus_superbus,CBS
Dictamnus_albus,CBS
Digitaria_ciliaris,CBS
Digitaria_linearis,CBS
Dioscorea_nipponica,CBS
Dorcoceras_hygrometricum,CBS
Draba_nemorosa,CBS
Dracocephalum_argunense,CBS
Drosera_rotundifolia,CBS
Dryas_octopetala_var._asiatica,CBS
Duchesnea_chrysantha,CBS
Echinochloa_crusgalli,CBS
Echinochloa_oryzoides,CBS
Eleocharis_acicularis,CBS
Eleocharis_bonariensis,CBS
Eleocharis_intersita,CBS
Eleocharis_mamillata,CBS
Eleocharis_pellucida_var._japonica,CBS
Eleutherococcus_senticosus,CBS
Eleutherococcus_sessiliflorus,CBS
Elsholtzia_ciliata,CBS
Elymus_ciliaris,CBS
Elymus_excelsus,CBS
Elymus_nakaii,CBS
Elymus_pendulinus,CBS
Elymus_sibiricus,CBS
Empetrum_sibiricum,CBS
Enemion_raddeanum,CBS
Epilobium_amurense,CBS
Epilobium_canum,CBS
Epilobium_ciliatum,CBS
Epilobium_fastigiatoramosum,CBS
Epilobium_minutiflorum,CBS
Epilobium_palustre,CBS
Epilobium_parviflorum,CBS
Epimedium_koreanum,CBS
Epipactis_papillosa,CBS
Eragrostis_cilianensis,CBS
Eragrostis_pilosa,CBS
Eragrostis_poaeoides,CBS
Eranthis_stellata,CBS
Eremogone_capillaris,CBS
Eremogone_juncea,CBS
Erigeron_acris,CBS
Erigeron_annuus,CBS
Erigeron_canadensis,CBS
Eriophorum_angustifolium,CBS
Eriophorum_gracile,CBS
Eriophorum_latifolium,CBS
Eriophorum_russeolum,CBS
Eriophorum_vaginatum,CBS
Erodium_stephanianum,CBS
Erysimum_cheiranthoides,CBS
Erythranthe_microphylla,CBS
Erythronium_japonicum,CBS
Euonymus_alatus,CBS
Euonymus_maackii,CBS
Euonymus_verrucosus,CBS
Eupatorium_japonicum,CBS
Eupatorium_lindleyanum,CBS
Euphorbia_esula,CBS
Euphorbia_humifusa,CBS
Euphorbia_hylonoma,CBS
Euphorbia_lucorum,CBS
Euphorbia_sieboldiana,CBS
Euphrasia_maximowiczii,CBS
Euphrasia_pectinata,CBS
Eurybia_sibirica,CBS
Exochorda_serratifolia,CBS
Fallopia_convolvulus,CBS
Fallopia_dentatoalata,CBS
Fallopia_dumetorum,CBS
Festuca_extremiorientalis,CBS
Festuca_jacutica,CBS
Festuca_rubra,CBS
Festuca_subalpina,CBS
Festuca_supina,CBS
Festuca_vivipara,CBS
Filipendula_angustiloba,CBS
Filipendula_glaberrima,CBS
Filipendula_intermedia,CBS
Filipendula_palmata,CBS
Fragaria_orientalis,CBS
Fraxinus_chinensis_subsp._rhynchophylla,CBS
Fraxinus_mandshurica,CBS
Fritillaria_ussuriensis,CBS
Gagea_serotina,CBS
Gagea_triflora,CBS
Galeopsis_bifida,CBS
Galeopsis_tetrahit,CBS
Galium_bungei,CBS
Galium_dahuricum,CBS
Galium_davuricum,CBS
Galium_kamtschaticum,CBS
Galium_linearifolium,CBS
Galium_paradoxum,CBS
Galium_spurium_var._echinospermum,CBS
Galium_trifidum,CBS
Galium_triflorum,CBS
Galium_verum,CBS
Gentiana_algida,CBS
Gentiana_jamesii,CBS
Gentiana_manshurica,CBS
Gentiana_pseudoaquatica,CBS
Gentiana_scabra,CBS
Gentiana_squarrosa,CBS
Gentiana_triflora,CBS
Gentiana_uchiyamae,CBS
Gentiana_zollingeri,CBS
Geranium_dahuricum,CBS
Geranium_erianthum,CBS
Geranium_koraiense,CBS
Geranium_koreanum,CBS
Geranium_krameri,CBS
Geranium_platyanthum,CBS
Geranium_sibiricum,CBS
Geranium_soboliferum,CBS
Geranium_wilfordii,CBS
Geum_aleppicum,CBS
Girardinia_diversifolia,CBS
Glyceria_effusa,CBS
Glyceria_leptolepis,CBS
Glyceria_spiculosa,CBS
Glyceria_triflora,CBS
Glycine_soja,CBS
Gnaphalium_capense,CBS
Gnaphalium_uliginosum,CBS
Goodyera_repens,CBS
Gymnadenia_conopsea,CBS
Gymnospermium_microrrhynchum,CBS
Gypsophila_pacifica,CBS
Habenaria_linearifolia,CBS
Halenia_corniculata,CBS
Hedysarum_ussuriense,CBS
Hemerocallis_dumortieri,CBS
Hemerocallis_middendorffii,CBS
Hemerocallis_minor,CBS
Hemiptelea_davidii,CBS
Hemisteptia_lyrata,CBS
Heracleum_moellendorffii,CBS
Hesperis_sibirica,CBS
Hibiscus_trionum,CBS
Hieracium_hoppeanum,CBS
Hieracium_umbellatum,CBS
Hieracium_virosum,CBS
Hierochloe_borealis,CBS
Himalaiella_deltoidea,CBS
Hippuris_vulgaris,CBS
Humulus_scandens,CBS
Hylodesmum_podocarpum_subsp._oxyphyllum,CBS
Hylomecon_japonica,CBS
Hylotelephium_erythrostictum,CBS
Hylotelephium_pallescens,CBS
Hylotelephium_spectabile,CBS
Hylotelephium_verticillatum,CBS
Hypericum_ascyron,CBS
Hypericum_attenuatum,CBS
Hypericum_fauriei,CBS
Hypochaeris_ciliata,CBS
Impatiens_furcillata,CBS
Impatiens_noli-tangere,CBS
Impatiens_textorii,CBS
Inula_britannica,CBS
Ipomoea_purpurea,CBS
Iris_domestica,CBS
Iris_ensata,CBS
Iris_kobayashii,CBS
Iris_mandshurica,CBS
Iris_nertchinskia,CBS
Iris_setosa,CBS
Isodon_serra,CBS
Isopyrum_manshuricum,CBS
Ixeris_chinensis,CBS
Ixeris_polycephala,CBS
Jacobaea_argunensis,CBS
Jacobaea_cannabifolia,CBS
Jacobaea_cannabifolia_var._integrifolia,CBS
Juglans_mandshurica,CBS
Juncus_articulatus,CBS
Juncus_brachyspathus,CBS
Juncus_bufonius,CBS
Juncus_castaneus,CBS
Juncus_compressus,CBS
Juncus_decipiens,CBS
Juncus_haenkei,CBS
Juncus_krameri,CBS
Juncus_maximowiczii,CBS
Juncus_papillosus,CBS
Juncus_wallichianus,CBS
Juniperus_communis,CBS
Juniperus_rigida,CBS
Kalopanax_septemlobus,CBS
Kobresia_myosuroides,CBS
Koenigia_ocreata,CBS
Kummerowia_stipulacea,CBS
Kummerowia_striata,CBS
Lactuca_indica,CBS
Lactuca_raddeana,CBS
Lactuca_sibirica,CBS
Lactuca_triangulata,CBS
Lamium_barbatum,CBS
Laportea_bulbifera,CBS
Lappula_myosotis,CBS
Lappula_redowskii,CBS
Larix_gmelinii_var._olgensis,CBS
Lathyrus_davidii,CBS
Lathyrus_humilis,CBS
Lathyrus_komarovii,CBS
Lathyrus_odoratus,CBS
Lathyrus_palustris,CBS
Lathyrus_pratensis,CBS
Lathyrus_quinquenervius,CBS
Lathyrus_vaniotii,CBS
Leibnitzia_anandria,CBS
Lemna_minor,CBS
Lemna_trisulca,CBS
Leonurus_macranthus,CBS
Leonurus_sibiricus,CBS
Lepidium_apetalum,CBS
Lepidium_densiflorum,CBS
Lespedeza_bicolor,CBS
Lespedeza_cyrtobotrya,CBS
Lespedeza_davurica,CBS
Lespedeza_juncea,CBS
Ligularia_dentata,CBS
Ligusticum_jeholense,CBS
Lilium_amabile,CBS
Lilium_cernuum,CBS
Lilium_concolor_var._buschianum,CBS
Lilium_concolor_var._partheneion,CBS
Lilium_distichum,CBS
Lilium_pensylvanicum,CBS
Lindernia_crustacea,CBS
Linum_stelleroides,CBS
Liparis_japonica,CBS
Lithospermum_erythrorhizon,CBS
Lobelia_sessilifolia,CBS
Lomelosia_isetensis,CBS
Lonicera_caerulea_var._edulis,CBS
Lonicera_chrysantha,CBS
Lonicera_maackii,CBS
Lonicera_maximowiczii,CBS
Lonicera_nigra,CBS
Lonicera_praeflorens,CBS
Lonicera_ruprechtiana,CBS
Lonicera_subhispida,CBS
Ludwigia_prostrata,CBS
Luzula_capitata,CBS
Luzula_multiflora,CBS
Luzula_nipponica,CBS
Luzula_pallescens,CBS
Luzula_wahlenbergii,CBS
Lycopus_lucidus,CBS
Lycopus_lucidus_var._maackianus,CBS
Lycopus_uniflorus,CBS
Lysimachia_barystachys,CBS
Lysimachia_clethroides,CBS
Lysimachia_davurica,CBS
Lysimachia_thyrsiflora,CBS
Lythrum_salicaria,CBS
Maackia_amurensis,CBS
Maianthemum_dahuricum,CBS
Maianthemum_dilatatum,CBS
Maianthemum_japonicum,CBS
Maianthemum_trifolium,CBS
Malaxis_monophyllos,CBS
Malus_asiatica,CBS
Malus_baccata,CBS
Malus_komarovii,CBS
Malus_mandshurica,CBS
Malva_sylvestris,CBS
Malva_verticillata,CBS
Meehania_urticifolia,CBS
Melica_grandiflora,CBS
Melica_nutans,CBS
Melilotus_albus,CBS
Melilotus_officinalis_subsp._suaveolens,CBS
Menispermum_dauricum,CBS
Mentha_canadensis,CBS
Menyanthes_trifoliata,CBS
Metaplexis_japonica,CBS
Micranthes_laciniata,CBS
Micranthes_punctata,CBS
Microstegium_vimineum,CBS
Milium_effusum,CBS
Minuartia_arctica,CBS
Minuartia_rupestris,CBS
Miscanthus_sacchariflorus,CBS
Miscanthus_sinensis,CBS
Mitella_nuda,CBS
Moehringia_lateriflora,CBS
Moneses_uniflora,CBS
Monochoria_korsakowii,CBS
Monotropa_hypopitys,CBS
Monotropastrum_humile,CBS
Muhlenbergia_huegelii,CBS
Muhlenbergia_japonica,CBS
Myosotis_laxa,CBS
Myosotis_sylvatica,CBS
Myosoton_aquaticum,CBS
Myriophyllum_verticillatum,CBS
Nabalus_tatarinowii,CBS
Najas_graminea,CBS
Neomolinia_fauriei,CBS
Neomolinia_mandshurica,CBS
Neottia_acuminata,CBS
Neottia_papilligera,CBS
Nepeta_stewartiana,CBS
Nymphaea_tetragona,CBS
Nymphoides_peltata,CBS
Oenothera_biennis,CBS
Oreorchis_patens,CBS
Orobanche_caerulescens,CBS
Orthilia_secunda,CBS
Osmorhiza_aristata,CBS
Oxalis_acetosella,CBS
Oxalis_acetosella_subsp._japonica,CBS
Oxyria_digyna,CBS
Oxytropis_anertii,CBS
Paeonia_lactiflora,CBS
Paeonia_obovata,CBS
Panax_ginseng,CBS
Parietaria_micrantha,CBS
Paris_verticillata,CBS
Parnassia_palustris,CBS
Parthenocissus_tricuspidata,CBS
Patrinia_intermedia,CBS
Patrinia_rupestris,CBS
Patrinia_scabiosifolia,CBS
Patrinia_villosa,CBS
Pedicularis_grandiflora,CBS
Pedicularis_mandshurica,CBS
Pedicularis_resupinata,CBS
Pedicularis_sceptrum-carolinum,CBS
Pedicularis_spicata,CBS
Pedicularis_verticillata,CBS
Persicaria_amphibia,CBS
Persicaria_hydropiper,CBS
Persicaria_hydropiperoides,CBS
Persicaria_lapathifolia,CBS
Persicaria_longiseta,CBS
Persicaria_maackiana,CBS
Persicaria_maculosa,CBS
Persicaria_mitis,CBS
Persicaria_nepalensis,CBS
Persicaria_nodosa,CBS
Persicaria_orientalis,CBS
Persicaria_perfoliata,CBS
Persicaria_pubescens,CBS
Persicaria_sagittata,CBS
Persicaria_senticosa,CBS
Persicaria_sieboldii,CBS
Persicaria_thunbergii,CBS
Persicaria_viscosa,CBS
Petasites_frigidus,CBS
Peucedanum_elegans,CBS
Peucedanum_praeruptorum,CBS
Phalaris_arundinacea,CBS
Phedimus_aizoon,CBS
Phedimus_hybridus,CBS
Phellodendron_amurense,CBS
Philadelphus_schrenkii,CBS
Phleum_alpinum,CBS
Phleum_pratense,CBS
Phlomoides_koraiensis,CBS
Phlomoides_maximowiczii,CBS
Phragmites_australis,CBS
Phryma_leptostachya,CBS
Phtheirospermum_japonicum,CBS
Phyllodoce_caerulea,CBS
Physalis_alkekengi,CBS
Physocarpus_amurensis,CBS
Picea_koraiensis,CBS
Picea_obovata,CBS
Pilea_japonica,CBS
Pilea_pumila,CBS
Pinellia_ternata,CBS
Pinus_densiflora,CBS
Pinus_koraiensis,CBS
Pinus_pumila,CBS
Plagiorhegma_dubium,CBS
Plantago_asiatica,CBS
Plantago_depressa,CBS
Plantago_hostifolia,CBS
Plantago_lanceolata,CBS
Platanthera_densa,CBS
Platycodon_grandiflorus,CBS
Plectranthus_excelsus,CBS
Plectranthus_grandicalyx,CBS
Pleurospermum_uralense,CBS
Poa_arctica,CBS
Poa_nemoralis,CBS
Poa_palustris,CBS
Poa_pratensis,CBS
Poa_pseudopalustris,CBS
Poa_sibirica,CBS
Poa_trivialis,CBS
Poa_urssulensis,CBS
Pogonia_japonica,CBS
Pogostemon_yatabeanus,CBS
Polemonium_grandiflorum,CBS
Polygala_sibirica,CBS
Polygala_tatarinowii,CBS
Polygala_tenuifolia,CBS
Polygonatum_acuminatifolium,CBS
Polygonatum_humile,CBS
Polygonatum_inflatum,CBS
Polygonatum_involucratum,CBS
Polygonatum_odoratum,CBS
Polygonum_ajanense,CBS
Polygonum_aviculare,CBS
Polygonum_kolumense,CBS
Polygonum_muricatum,CBS
Polygonum_ochotense,CBS
Polygonum_urumqiense,CBS
Ponerorchis_cucullata,CBS
Populus_davidiana,CBS
Populus_koreana,CBS
Populus_maximowiczii,CBS
Populus_simonii,CBS
Populus_ussuriensis,CBS
Portulaca_oleracea,CBS
Potamogeton_compressus,CBS
Potamogeton_crispus,CBS
Potamogeton_distinctus,CBS
Potamogeton_mandschuriensis,CBS
Potamogeton_pusillus,CBS
Potentilla_centigrana,CBS
Potentilla_chinensis,CBS
Potentilla_cryptotaeniae,CBS
Potentilla_discolor,CBS
Potentilla_fragarioides,CBS
Potentilla_freyniana,CBS
Potentilla_longifolia,CBS
Potentilla_multifida,CBS
Potentilla_parvifolia,CBS
Potentilla_supina_subsp._paradoxa,CBS
Potentilla_tanacetifolia,CBS
Primula_farinosa,CBS
Primula_fistulosa,CBS
Primula_sieboldii,CBS
Prinsepia_sinensis,CBS
Prunella_asiatica,CBS
Prunus_maackii,CBS
Prunus_maximowiczii,CBS
Prunus_nikaii,CBS
Prunus_sachalinensis,CBS
Prunus_salicina,CBS
Pseudocherleria_laricina,CBS
Pseudocherleria_macrocarpa,CBS
Pseudostellaria_davidii,CBS
Pseudostellaria_heterophylla,CBS
Pseudostellaria_japonica,CBS
Pseudostellaria_sylvatica,CBS
Ptilagrostis_malyschevii,CBS
Puccinellia_tenuiflora,CBS
Pulsatilla_cernua,CBS
Pycreus_setiformis,CBS
Pyrola_minor,CBS
Pyrola_renifolia,CBS
Pyrola_rotundifolia,CBS
Pyrus_ussuriensis,CBS
Quercus_dentata,CBS
Quercus_wutaishanica,CBS
Ramischia_secunda,CBS
Ranunculus_chinensis,CBS
Ranunculus_ficariifolius,CBS
Ranunculus_franchetii,CBS
Ranunculus_gmelinii,CBS
Ranunculus_japonicus,CBS
Ranunculus_kauffmanii,CBS
Ranunculus_pedatifidus,CBS
Ranunculus_repens,CBS
Ranunculus_tachiroei,CBS
Reynoutria_ciliinervis,CBS
Rhamnus_davurica,CBS
Rhamnus_diamantiaca,CBS
Rhamnus_koraiensis,CBS
Rhamnus_parvifolia,CBS
Rhamnus_ussuriensis,CBS
Rhodiola_sachalinensis,CBS
Rhododendron_aureum,CBS
Rhododendron_brachycarpum,CBS
Rhododendron_dauricum,CBS
Rhododendron_lapponicum,CBS
Rhododendron_parvifolium,CBS
Rhododendron_redowskianum,CBS
Rhododendron_schlippenbachii,CBS
Ribes_diacanthum,CBS
Ribes_horridum,CBS
Ribes_komarovii,CBS
Ribes_mandshuricum,CBS
Ribes_maximowiczianum,CBS
Ribes_pallidiflorum,CBS
Ribes_procumbens,CBS
Ribes_rubrum,CBS
Ribes_triste,CBS
Rohrbachia_minima,CBS
Rorippa_globosa,CBS
Rosa_acicularis,CBS
Rosa_dahurica,CBS
Rosa_koreana,CBS
Rosa_maximowicziana,CBS
Rubia_chinensis,CBS
Rubia_cordifolia,CBS
Rubia_sylvatica,CBS
Rubus_arcticus,CBS
Rubus_chamaemorus,CBS
Rubus_crataegifolius,CBS
Rubus_pungens,CBS
Rubus_sachalinensis,CBS
Rumex_acetosa,CBS
Rumex_amurensis,CBS
Rumex_aquaticus,CBS
Rumex_crispus,CBS
Rumex_gmelinii,CBS
Rumex_longifolius,CBS
Rumex_maritimus,CBS
Rupiphila_tachiroei,CBS
Sagina_japonica,CBS
Sagina_saginoides,CBS
Sagittaria_natans,CBS
Sagittaria_trifolia,CBS
Salix_arbutifolia,CBS
Salix_gracilistyla,CBS
Salix_integra,CBS
Salix_kangensis,CBS
Salix_matsudana,CBS
Salix_myrtilloides,CBS
Salix_nummularia,CBS
Salix_pentandra,CBS
Salix_polyadenia,CBS
Salix_purpurea,CBS
Salix_raddeana,CBS
Salix_rorida,CBS
Salix_rosmarinifolia,CBS
Salix_rotundifolia,CBS
Salix_schwerinii,CBS
Salix_siuzevii,CBS
Salix_starkeana,CBS
Salix_subfragilis,CBS
Salix_taraikensis,CBS
Salix_triandra,CBS
Salix_viminalis,CBS
Salix_xerophila,CBS
Salix_yanbianica,CBS
Sambucus_buergeriana,CBS
Sambucus_latipinna,CBS
Sambucus_manshurica,CBS
Sambucus_williamsii,CBS
Sanguisorba_obtusa,CBS
Sanguisorba_officinalis,CBS
Sanguisorba_parviflora,CBS
Sanguisorba_sitchensis,CBS
Sanguisorba_tenuifolia,CBS
Saposhnikovia_divaricata,CBS
Saussurea_alpina,CBS
Saussurea_amurensis,CBS
Saussurea_grandifolia,CBS
Saussurea_japonica,CBS
Saussurea_longifolia,CBS
Saussurea_manshurica,CBS
Saussurea_maximowiczii,CBS
Saussurea_pulchella,CBS
Saussurea_sinuata,CBS
Saussurea_spicata,CBS
Saussurea_umbrosa,CBS
Saxifraga_cernua,CBS
Scabiosa_comosa,CBS
Scheuchzeria_palustris,CBS
Schisandra_chinensis,CBS
Schizachne_purpurascens_subsp._callosa,CBS
Schoenoplectiella_komarovii,CBS
Schoenoplectus_tabernaemontani,CBS
Scilla_scilloides,CBS
Scirpus_karuizawensis,CBS
Scirpus_maximowiczii,CBS
Scirpus_orientalis,CBS
Scirpus_radicans,CBS
Scirpus_wichurae_var._asiaticus,CBS
Scorzonera_austriaca,CBS
Scorzonera_brovicaulis,CBS
Scrophularia_montana,CBS
Scutellaria_baicalensis,CBS
Scutellaria_dependens,CBS
Scutellaria_laeteviolacea,CBS
Scutellaria_moniliorhiza,CBS
Scutellaria_regeliana,CBS
Scutellaria_tuminensis,CBS
Securinega_suffruticosa,CBS
Senecio_coronatus,CBS
Senecio_nemorensis,CBS
Senecio_vulgaris,CBS
Senna_nomame,CBS
Serratula_coronata,CBS
Serratula_sp,CBS
Setaria_pumila,CBS
Setaria_viridis,CBS
Sibbaldia_procumbens,CBS
Silene_aprica,CBS
Silene_arenosa,CBS
Silene_baccifera,CBS
Silene_capitata,CBS
Silene_firma,CBS
Silene_jenisseensis,CBS
Silene_koreana,CBS
Silene_macrostyla,CBS
Silene_repens,CBS
Siphonostegia_chinensis,CBS
Sium_suave,CBS
Smilax_nipponica,CBS
Smilax_riparia,CBS
Smilax_sieboldii,CBS
Solidago_virgaurea,CBS
Sonchus_brachyotus,CBS
Sophora_flavescens,CBS
Sorbaria_sorbifolia,CBS
Sorbus_alnifolia,CBS
Sorbus_pohuashanensis,CBS
Sparganium_angustifolium,CBS
Sparganium_glomeratum,CBS
Sparganium_hyperboreum,CBS
Sparganium_minimum,CBS
Sparganium_stoloniferum,CBS
Sparganium_subglobosum,CBS
Sphallerocarpus_gracilis,CBS
Spiraea_dahurica,CBS
Spiraea_media,CBS
Spiraea_salicifolia,CBS
Spiraea_sericea,CBS
Spiraea_trichocarpa,CBS
Spiranthes_sinensis,CBS
Spirodela_polyrhiza,CBS
Spodiopogon_sibiricus,CBS
Spuriopimpinella_brachycarpa,CBS
Stachys_baicalensis,CBS
Stachys_chinensis,CBS
Stellaria_bungeana,CBS
Stellaria_filicaulis,CBS
Stellaria_longifolia,CBS
Stellaria_media,CBS
Stellaria_neglecta,CBS
Stellaria_radians,CBS
Stipa_sibirica,CBS
Streptolirion_volubile,CBS
Streptopus_koreanus,CBS
Swertia_chinensis,CBS
Swertia_veratroides,CBS
Symplocarpus_nipponicus,CBS
Symplocarpus_renifolius,CBS
Synurus_deltoides,CBS
Syringa_pubescens_subsp._microphylla,CBS
Syringa_pubescens_subsp._patula,CBS
Syringa_wolfii,CBS
Taraxacum_alatum,CBS
Taraxacum_antungense,CBS
Taraxacum_coreanum,CBS
Taraxacum_erythrospermum,CBS
Taraxacum_multilobum,CBS
Taraxacum_officinale,CBS
Taraxacum_pseudoalpinum,CBS
Taxus_cuspidata,CBS
Teloxys_aristata,CBS
Tephroseris_phaeantha,CBS
Tephroseris_pierotii,CBS
Thalictrum_aquilegiifolium_var._sibiricum,CBS
Thalictrum_filamentosum,CBS
Thalictrum_ichangense,CBS
Thalictrum_minus_var._hypoleucum,CBS
Thalictrum_petaloideum,CBS
Thalictrum_simplex,CBS
Thalictrum_sparsiflorum,CBS
Thalictrum_tuberiferum,CBS
Thladiantha_dubia,CBS
Thuja_koraiensis,CBS
Thymus_serpyllum,CBS
Tilia_amurensis,CBS
Tilia_mandshurica,CBS
Tofieldia_coccinea,CBS
Torilis_japonica,CBS
Toxicodendron_vernicifluum,CBS
Trapa_natans,CBS
Trapella_sinensis,CBS
Trichophorum_alpinum,CBS
Trientalis_europaea,CBS
Trifolium_lupinaster,CBS
Trifolium_pratense,CBS
Trifolium_repens,CBS
Triglochin_palustre,CBS
Trillium_camschatcense,CBS
Tripterospermum_volubile,CBS
Tripterygium_wilfordii,CBS
Trisetum_sibiricum,CBS
Trisetum_spicatum,CBS
Trollius_japonicus,CBS
Trollius_ledebouri,CBS
Trollius_macropetalus,CBS
Turritis_glabra,CBS
Typha_angustifolia,CBS
Typha_latifolia,CBS
Ulmus_davidiana_var._japonica,CBS
Ulmus_laciniata,CBS
Ulmus_macrocarpa,CBS
Ulmus_pumila,CBS
Urtica_angustifolia,CBS
Urtica_laetevirens,CBS
Utricularia_vulgaris,CBS
Vaccinium_microcarpum,CBS
Vaccinium_oxycoccos,CBS
Vaccinium_uliginosum,CBS
Vaccinium_vitis-idaea,CBS
Valeriana_amurensis,CBS
Valeriana_officinalis,CBS
Vallisneria_asiatica,CBS
Veratrum_dahuricum,CBS
Veratrum_maackii,CBS
Veratrum_nigrum,CBS
Veronica_anagallis-aquatica,CBS
Veronica_longifolia,CBS
Veronica_serpyllifolia,CBS
Veronica_stelleri,CBS
Veronicastrum_tubiflorum,CBS
Viburnum_burejaeticum,CBS
Viburnum_koreanum,CBS
Viburnum_opulus_var._sargentii,CBS
Vicia_amoena,CBS
Vicia_amurensis,CBS
Vicia_cracca,CBS
Vicia_ohwiana,CBS
Vicia_pseudo-orobus,CBS
Vicia_ramuliflora,CBS
Vicia_unijuga,CBS
Vicia_venosa,CBS
Vincetoxicum_acuminatum,CBS
Vincetoxicum_atratum,CBS
Viola_acuminata,CBS
Viola_biflora,CBS
Viola_collina,CBS
Viola_dactyloides,CBS
Viola_diamantiaca,CBS
Viola_dissecta,CBS
Viola_epipsila,CBS
Viola_mandshurica,CBS
Viola_mirabilis,CBS
Viola_muehldorfii,CBS
Viola_patrinii,CBS
Viola_phalacrocarpa,CBS
Viola_rossii,CBS
Viola_sacchalinensis,CBS
Viola_selkirkii,CBS
Viola_variegata,CBS
Viola_verecunda,CBS
Viola_websteri,CBS
Viola_yezoensis,CBS
Viscum_coloratum,CBS
Vitis_amurensis,CBS
Weigela_floribunda,CBS
Weigela_praecox,CBS
Xanthium_strumarium,CBS
Zabelia_dielsii,CBS
