Abelia_chinensis,GTS
Abutilon_theophrasti,GTS
Acalypha_australis,GTS
Acer_amplum,GTS
Acer_buergerianum,GTS
Acer_cordatum,GTS
Acer_davidii,GTS
Acer_elegantulum,GTS
Acer_olivaceum,GTS
Acer_pubipalmatum,GTS
Acer_tataricum_subsp._theiferum,GTS
Acer_truncatum,GTS
Achyranthes_bidentata,GTS
Achyranthes_longifolia,GTS
Aconitum_carmichaelii,GTS
Aconitum_finetianum,GTS
Acorus_calamus_var._angustatus,GTS
Acorus_gramineus,GTS
Actaea_japonica,GTS
Actinidia_callosa_var._discolor,GTS
Actinidia_chinensis,GTS
Actinidia_hemsleyana,GTS
Actinidia_lanceolata,GTS
Actinidia_melanandra,GTS
Actinostemma_tenerum,GTS
Adenophora_sinensis,GTS
Adenophora_stricta,GTS
Adenophora_trachelioides,GTS
Adenophora_triphylla,GTS
Adenostemma_lavenia,GTS
Adina_pilulifera,GTS
Adina_rubella,GTS
Adinandra_millettii,GTS
Aegonychon_zollingeri,GTS
Aeschynomene_indica,GTS
Aesculus_chinensis,GTS
Agastache_rugosa,GTS
Agrimonia_pilosa,GTS
Agrostis_clavata,GTS
Agrostis_gigantea,GTS
Ailanthus_altissima,GTS
Ainsliaea_fragrans,GTS
Ainsliaea_macroclinidioides,GTS
Ajuga_decumbens,GTS
Ajuga_nipponensis,GTS
Akebia_quinata,GTS
Akebia_trifoliata,GTS
Alangium_chinense,GTS
Alangium_kurzii,GTS
Alangium_platanifolium,GTS
Albizia_julibrissin,GTS
Albizia_kalkora,GTS
Aletris_spicata,GTS
Allium_macrostemon,GTS
Alniphyllum_fortunei,GTS
Alopecurus_aequalis,GTS
Alpinia_japonica,GTS
Alternanthera_philoxeroides,GTS
Amaranthus_blitum,GTS
Amaranthus_hybridus,GTS
Amaranthus_spinosus,GTS
Amaranthus_viridis,GTS
Amorphophallus_kiusianus,GTS
Ampelopsis_japonica,GTS
Ampelopsis_sinica,GTS
Amphicarpaea_edgeworthii,GTS
Anaphalis_sinica,GTS
Androsace_umbellata,GTS
Anemone_hupehensis,GTS
Angelica_decursiva,GTS
Antidesma_japonicum,GTS
Aphananthe_aspera,GTS
Apios_fortunei,GTS
Apium_leptophyllum,GTS
Arabidopsis_thaliana,GTS
Aralia_chinensis,GTS
Aralia_dasyphylla,GTS
Aralia_echinocaulis,GTS
Aralia_elata,GTS
Ardisia_brevicaulis,GTS
Ardisia_chinensis,GTS
Ardisia_crenata,GTS
Ardisia_crispa,GTS
Ardisia_hanceana,GTS
Ardisia_japonica,GTS
Ardisia_lindleyana,GTS
Arenaria_serpyllifolia,GTS
Arisaema_erubescens,GTS
Arisaema_heterophyllum,GTS
Arisaema_sikokianum,GTS
Arisaema_sikokianum_var._serratum,GTS
Aristolochia_debilis,GTS
Aristolochia_moupinensis,GTS
Aristolochia_tubiflora,GTS
Artemisia_annua,GTS
Artemisia_anomala,GTS
Artemisia_argyi,GTS
Artemisia_atrovirens,GTS
Artemisia_cana,GTS
Artemisia_japonica,GTS
Artemisia_lactiflora,GTS
Artemisia_lavandulifolia,GTS
Artemisia_princeps,GTS
Artemisia_scoparia,GTS
Arthraxon_hispidus,GTS
Arundinella_hirta,GTS
Arundinella_setosa,GTS
Asarum_fukienense,GTS
Asarum_ichangense,GTS
Asarum_magnificum,GTS
Asarum_pulchellum,GTS
Asarum_wulingense,GTS
Asparagus_cochinchinensis,GTS
Aster_ageratoides,GTS
Aster_indicus,GTS
Aster_panduratus,GTS
Aster_pekinensis,GTS
Aster_scaber,GTS
Aster_turbinatus,GTS
Astilbe_chinensis,GTS
Astilbe_grandis,GTS
Astragalus_sinicus,GTS
Avena_fatua,GTS
Bambusa_multiplex,GTS
Beckmannia_syzigachne,GTS
Begonia_grandis_subsp._evansiana,GTS
Begonia_grandis_subsp._sinensis,GTS
Berberis_bealei,GTS
Berberis_lempergiana,GTS
Berberis_soulieana,GTS
Berberis_virgetorum,GTS
Berchemia_floribunda,GTS
Berchemia_huana,GTS
Berchemia_kulingensis,GTS
Betula_luminifera,GTS
Biancaea_decapetala,GTS
Bidens_bipinnata,GTS
Bidens_biternata,GTS
Bidens_pilosa,GTS
Bidens_tripartita,GTS
Bletilla_striata,GTS
Blumea_formosana,GTS
Boehmeria_clidemioides_var._diffusa,GTS
Boehmeria_longispica,GTS
Boehmeria_nivea,GTS
Boehmeria_platanifolia,GTS
Boenninghausenia_albiflora,GTS
Bothriochloa_ischaemum,GTS
Bothriospermum_tenellum,GTS
Bredia_quadrangularis,GTS
Bredia_sinensis,GTS
Bromus_remotiflorus,GTS
Broussonetia_kaempferi,GTS
Broussonetia_kazinoki,GTS
Broussonetia_papyrifera,GTS
Buddleja_lindleyana,GTS
Bulbostylis_barbata,GTS
Bupleurum_longiradiatum,GTS
Buxus_sinica,GTS
Caesalpinia_vernalis,GTS
Calanthe_graciliflora,GTS
Callerya_cinerea,GTS
Callerya_reticulata,GTS
Callicarpa_bodinieri,GTS
Callicarpa_dichotoma,GTS
Callicarpa_giraldii,GTS
Callicarpa_japonica,GTS
Callicarpa_japonica_var._angustata,GTS
Callicarpa_peii,GTS
Callicarpa_rubella,GTS
Callitropsis_funebris,GTS
Calystegia_sepium,GTS
Camellia_chekiangoleosa,GTS
Camellia_cuspidata,GTS
Camellia_oleifera,GTS
Camellia_sinensis,GTS
Campsis_grandiflora,GTS
Camptotheca_acuminata,GTS
Campylotropis_macrocarpa,GTS
Canthium_gynochthodes,GTS
Capillipedium_assimile,GTS
Capillipedium_parviflorum,GTS
Capsella_bursa.pastoris,GTS
Caragana_sinica,GTS
Cardamine_flexuosa,GTS
Cardamine_hirsuta,GTS
Cardamine_impatiens,GTS
Cardiandra_moellendorffii,GTS
Cardiocrinum_cathayanum,GTS
Carex_bodinieri,GTS
Carex_brevicuspis,GTS
Carex_brunnea,GTS
Carex_chinensis,GTS
Carex_chungii,GTS
Carex_doniana,GTS
Carex_filicina,GTS
Carex_foraminata,GTS
Carex_gibba,GTS
Carex_harlandii,GTS
Carex_kauaiensis,GTS
Carex_lanceolata,GTS
Carex_lenta_var._sendaica,GTS
Carex_ligulata,GTS
Carex_maculata,GTS
Carex_nemostachys,GTS
Carex_phacota,GTS
Carex_pruinosa,GTS
Carex_scaposa,GTS
Carex_stipitinux,GTS
Carex_subfilicinoides,GTS
Carex_teinogyna,GTS
Carex_tristachya,GTS
Carex_truncatigluma,GTS
Carpesium_abrotanoides,GTS
Carpesium_cernuum,GTS
Carpesium_divaricatum,GTS
Carpinus_londoniana,GTS
Carpinus_viminea,GTS
Caryopteris_incana,GTS
Castanea_henryi,GTS
Castanea_mollissima,GTS
Castanea_seguinii,GTS
Castanopsis_carlesii,GTS
Castanopsis_eyrei,GTS
Castanopsis_fargesii,GTS
Castanopsis_fordii,GTS
Castanopsis_sclerophylla,GTS
Castanopsis_tibetana,GTS
Catalpa_ovata,GTS
Cayratia_albifolia,GTS
Cayratia_japonica,GTS
Cedrus_deodara,GTS
Celastrus_aculeatus,GTS
Celastrus_angulatus,GTS
Celastrus_gemmatus,GTS
Celastrus_hypoleucoides,GTS
Celastrus_oblanceifolius,GTS
Celastrus_rosthornianus,GTS
Celastrus_stylosus,GTS
Celtis_biondii,GTS
Celtis_tetrandra,GTS
Celtis_vandervoetiana,GTS
Centella_asiatica,GTS
Centipeda_minima,GTS
Cephalanthera_falcata,GTS
Cephalotaxus_fortunei,GTS
Cephalotaxus_sinensis,GTS
Cerastium_glomeratum,GTS
Ceratophyllum_demersum,GTS
Cercidiphyllum_japonicum,GTS
Chenopodium_album,GTS
Chimonanthus_salicifolius,GTS
Choerospondias_axillaris,GTS
Chrysanthemum_indicum,GTS
Chrysosplenium_jienningense,GTS
Chrysosplenium_valdepilosum,GTS
Cinnamomum_camphora,GTS
Cinnamomum_chekiangense,GTS
Cinnamomum_subavenium,GTS
Circaea_cordata,GTS
Circaea_mollis,GTS
Cirsium_japonicum,GTS
Cirsium_lineare,GTS
Cirsium_setosum,GTS
Clematis_apiifolia,GTS
Clematis_henryi,GTS
Clerodendrum_bungei,GTS
Clerodendrum_cyrtophyllum,GTS
Clerodendrum_kaichianum,GTS
Clerodendrum_trichotomum,GTS
Clethra_barbinervis,GTS
Cleyera_japonica,GTS
Clinopodium_chinense,GTS
Clinopodium_gracile,GTS
Cnidium_monnieri,GTS
Cocculus_orbiculatus,GTS
Codonopsis_javanica,GTS
Codonopsis_lanceolata,GTS
Coix_lacryma.jobi,GTS
Colocasia_antiquorum,GTS
Commelina_benghalensis,GTS
Commelina_communis,GTS
Conyza_bonariensis,GTS
Conyza_japonica,GTS
Conyza_sumatrensis,GTS
Coptis_chinensis,GTS
Coptosapelta_diffusa,GTS
Corchoropsis_crenata,GTS
Corchorus_aestuans,GTS
Cornus_controversa,GTS
Cornus_kousa_subsp._chinensis,GTS
Corydalis_balansae,GTS
Corydalis_decumbens,GTS
Corydalis_incisa,GTS
Corydalis_pallida,GTS
Corydalis_racemosa,GTS
Corylopsis_glandulifera,GTS
Corylopsis_sinensis,GTS
Corynandra_viscosa,GTS
Crataegus_monogyna,GTS
Crepidiastrum_sonchifolium,GTS
Croomia_japonica,GTS
Cryptomeria_japonica,GTS
Cryptotaenia_japonica,GTS
Cunninghamia_lanceolata,GTS
Curculigo_orchioides,GTS
Cuscuta_australis,GTS
Cuscuta_japonica,GTS
Cyanthillium_cinereum,GTS
Cyclea_racemosa,GTS
Cyclocarya_paliurus,GTS
Cymbidium_faberi,GTS
Cymbidium_floribundum,GTS
Cymbidium_floribundum_var._pumilum,GTS
Cymbidium_goeringii,GTS
Cynanchum_auriculatum,GTS
Cynanchum_mooreanum,GTS
Cynodon_dactylon,GTS
Cynoglossum_coeruleum,GTS
Cyperus_amuricus,GTS
Cyperus_difformis,GTS
Cyperus_iria,GTS
Cyperus_michelianus,GTS
Cyperus_microiria,GTS
Cyperus_nipponicus,GTS
Cyperus_pilosus,GTS
Cyperus_polystachyus,GTS
Cyperus_rotundus,GTS
Cyperus_tenuispica,GTS
Dalbergia_hupeana,GTS
Damnacanthus_indicus,GTS
Daphne_genkwa,GTS
Daphniphyllum_macropodum,GTS
Daphniphyllum_oldhamii,GTS
Delphinium_anthriscifolium,GTS
Dendropanax_dentiger,GTS
Desmodium_heterocarpon,GTS
Desmodium_microphyllum,GTS
Deutzia_glauca,GTS
Deutzia_ningpoensis,GTS
Dianthus_superbus,GTS
Dichondra_micrantha,GTS
Dichrocephala_auriculata,GTS
Digitaria_ischaemum,GTS
Digitaria_violascens,GTS
Dioscorea_bulbifera,GTS
Dioscorea_collettii_var._hypoglauca,GTS
Dioscorea_gracillima,GTS
Dioscorea_japonica,GTS
Dioscorea_nipponica,GTS
Dioscorea_oppositifolia,GTS
Dioscorea_spongiosa,GTS
Dioscorea_tokoro,GTS
Diospyros_glaucifolia,GTS
Diospyros_kaki_var._silvestris,GTS
Diospyros_morrisiana,GTS
Diospyros_oleifera,GTS
Diospyros_rhombifolia,GTS
Diplospora_dubia,GTS
Disporum_sessile,GTS
Distylium_myricoides,GTS
Draba_nemorosa,GTS
Drosera_peltata,GTS
Duchesnea_chrysantha,GTS
Dysosma_pleiantha,GTS
Dysosma_versipellis,GTS
Dysphania_ambrosioides,GTS
Echinochloa_colona,GTS
Echinochloa_crus.galli,GTS
Eclipta_prostrata,GTS
Edgeworthia_chrysantha,GTS
Ehretia_acuminata,GTS
Elaeagnus_difficilis,GTS
Elaeagnus_glabra,GTS
Elaeagnus_multiflora,GTS
Elaeagnus_pungens,GTS
Elaeagnus_umbellata,GTS
Elaeocarpus_chinensis,GTS
Elaeocarpus_decipiens,GTS
Elaeocarpus_glabripetalus,GTS
Elaeocarpus_japonicus,GTS
Elatostema_obtusum,GTS
Elatostema_stewardii,GTS
Eleocharis_pellucida_var._japonica,GTS
Eleocharis_tetraquetra,GTS
Eleocharis_wichurae,GTS
Eleocharis_yokoscensis,GTS
Eleutherococcus_nodiflorus,GTS
Eleutherococcus_trifoliatus,GTS
Elsholtzia_argyi,GTS
Elymus_ciliaris,GTS
Elymus_kamoji,GTS
Emilia_sonchifolia,GTS
Emmenopterys_henryi,GTS
Epimedium_sagittatum,GTS
Eragrostis_cilianensis,GTS
Eragrostis_ferruginea,GTS
Eragrostis_minor,GTS
Eragrostis_pilosa,GTS
Eremochloa_ophiuroides,GTS
Erigeron_annuus,GTS
Erigeron_canadensis,GTS
Eriochloa_villosa,GTS
Euchiton_japonicus,GTS
Eucommia_ulmoides,GTS
Eulalia_quadrinervis,GTS
Eulalia_speciosa,GTS
Euonymus_acanthocarpus,GTS
Euonymus_alatus,GTS
Euonymus_carnosus,GTS
Euonymus_centidens,GTS
Euonymus_euscaphis,GTS
Euonymus_fortunei,GTS
Euonymus_kiautschovicus,GTS
Euonymus_maackii,GTS
Euonymus_myrianthus,GTS
Euonymus_nitidus,GTS
Euonymus_oxyphyllus,GTS
Euonymus_subsessilis,GTS
Eupatorium_chinense,GTS
Eupatorium_japonicum,GTS
Eupatorium_lindleyanum,GTS
Euphorbia_humifusa,GTS
Euphorbia_pekinensis,GTS
Euphorbia_supina,GTS
Eurya_alata,GTS
Eurya_hebeclados,GTS
Eurya_loquaiana,GTS
Eurya_muricata,GTS
Eurya_nitida,GTS
Eurya_rubiginosa_var._attenuata,GTS
Euscaphis_japonica,GTS
Evolvulus_alsinoides,GTS
Exallage_chrysotricha,GTS
Fagus_engleriana,GTS
Fagus_longipetiolata,GTS
Fagus_lucida,GTS
Fallopia_multiflora,GTS
Fatoua_villosa,GTS
Ficus_erecta,GTS
Ficus_heteromorpha,GTS
Ficus_pandurata,GTS
Ficus_pumila,GTS
Ficus_sarmentosa,GTS
Ficus_sarmentosa_var._impressa,GTS
Fimbristylis_bisumbellata,GTS
Fimbristylis_complanata,GTS
Fimbristylis_dichotoma,GTS
Fimbristylis_diphylloides,GTS
Fimbristylis_miliacea,GTS
Fimbristylis_quinquangularis,GTS
Fimbristylis_subbispicata,GTS
Firmiana_simplex,GTS
Fontanesia_phillyreoides,GTS
Forsythia_viridissima,GTS
Fraxinus_insularis,GTS
Fraxinus_longicuspis,GTS
Galium_bungei,GTS
Galium_spurium,GTS
Galium_trachyspermum,GTS
Gardenia_jasminoides,GTS
Gardneria_multiflora,GTS
Gentiana_davidii,GTS
Gentiana_scabra,GTS
Geranium_carolinianum,GTS
Geranium_thunbergii,GTS
Geum_japonicum,GTS
Ginkgo_biloba,GTS
Glechoma_longituba,GTS
Gleditsia_sinensis,GTS
Glochidion_puberum,GTS
Glochidion_wilsonii,GTS
Glycine_soja,GTS
Gnaphalium_pensylvanicum,GTS
Gonostegia_hirta,GTS
Goodyera_schlechtendaliana,GTS
Gymnocladus_chinensis,GTS
Gynostemma_pentaphyllum,GTS
Habenaria_dentata,GTS
Hamamelis_mollis,GTS
Hanceola_exserta,GTS
Hedera_sinensis,GTS
Helianthus_tuberosus,GTS
Helwingia_japonica,GTS
Hemerocallis_fulva,GTS
Hemiboea_henryi,GTS
Hemisteptia_lyrata,GTS
Herminium_lanceum,GTS
Heterosmilax_japonica,GTS
Hibiscus_syriacus,GTS
Holboellia_coriacea,GTS
Holcoglossum_flavescens,GTS
Hosta_ventricosa,GTS
Houttuynia_cordata,GTS
Hovenia_acerba,GTS
Hovenia_trichocarpa_var._robusta,GTS
Hydrangea_angustipetala,GTS
Hydrangea_anomala,GTS
Hydrangea_corylifolia,GTS
Hydrangea_paniculata,GTS
Hydrangea_strigosa,GTS
Hydrilla_verticillata,GTS
Hydrocotyle_nepalensis,GTS
Hygrophila_salicifolia,GTS
Hylodesmum_laxum,GTS
Hypericum_ascyron,GTS
Hypericum_erectum,GTS
Hypericum_japonicum,GTS
Hypericum_sampsonii,GTS
Hypericum_seniawinii,GTS
Idesia_polycarpa,GTS
Ilex_buergeri,GTS
Ilex_cornuta,GTS
Ilex_crenata,GTS
Ilex_elmerrilliana,GTS
Ilex_ficoidea,GTS
Ilex_formosana,GTS
Ilex_kobuskiana,GTS
Ilex_latifolia,GTS
Ilex_litseifolia,GTS
Ilex_macrocarpa,GTS
Ilex_micrococca,GTS
Ilex_pubescens,GTS
Ilex_purpurea,GTS
Ilex_rotunda,GTS
Ilex_suaveolens,GTS
Ilex_triflora,GTS
Ilex_tsoi,GTS
Ilex_wilsonii,GTS
Illicium_lanceolatum,GTS
Impatiens_blepharosepala,GTS
Impatiens_platysepala,GTS
Impatiens_tienmushanica,GTS
Imperata_cylindrica,GTS
Indigofera_decora,GTS
Indigofera_parkesii,GTS
Indigofera_pseudotinctoria,GTS
Indocalamus_latifolius,GTS
Inula_linariifolia,GTS
Iris_domestica,GTS
Iris_japonica,GTS
Iris_speculatrix,GTS
Ischaemum_aristatum,GTS
Ischaemum_indicum,GTS
Isodon_amethystoides,GTS
Isodon_inflexus,GTS
Isodon_macrocalyx,GTS
Isodon_nervosus,GTS
Itea_chinensis,GTS
Ixeridium_dentatum,GTS
Ixeridium_gracile,GTS
Ixeris_debilis,GTS
Ixeris_polycephala,GTS
Jasminum_sinense,GTS
Juglans_mandshurica,GTS
Juncus_alatus,GTS
Juncus_capitatus,GTS
Juncus_diastrophanthus,GTS
Juncus_effusus,GTS
Juniperus_chinensis,GTS
Juniperus_formosana,GTS
Justicia_procumbens,GTS
Kadsura_longipedunculata,GTS
Kerria_japonica,GTS
Klaseopsis_chinensis,GTS
Kummerowia_striata,GTS
Kyllinga_brevifolia,GTS
Lactuca_formosana,GTS
Lactuca_indica,GTS
Lagerstroemia_subcostata,GTS
Lamium_amplexicaule,GTS
Lamium_barbatum,GTS
Lapsanastrum_apogonoides,GTS
Lapsanastrum_humile,GTS
Larix_kaempferi,GTS
Lasianthus_japonicus,GTS
Lasianthus_lancifolius,GTS
Leersia_sayanuka,GTS
Leibnitzia_anandria,GTS
Lemna_minor,GTS
Lemna_perpusilla,GTS
Leonurus_sibiricus,GTS
Lepidium_apetalum,GTS
Lepidium_didymum,GTS
Lepidium_virginicum,GTS
Lespedeza_buergeri,GTS
Lespedeza_chinensis,GTS
Lespedeza_cuneata,GTS
Lespedeza_cyrtobotrya,GTS
Lespedeza_dunnii,GTS
Lespedeza_floribunda,GTS
Lespedeza_pilosa,GTS
Lespedeza_thunbergii,GTS
Ligularia_fischeri,GTS
Ligusticum_sinense,GTS
Ligustrum_leucanthum,GTS
Ligustrum_longitubum,GTS
Ligustrum_lucidum,GTS
Ligustrum_sinense,GTS
Lilium_brownii,GTS
Lilium_callosum,GTS
Lilium_lancifolium,GTS
Lilium_speciosum_var._gloriosoides,GTS
Limnophila_sessiliflora,GTS
Lindera_aggregata,GTS
Lindera_erythrocarpa,GTS
Lindera_fruticosa,GTS
Lindera_glauca,GTS
Lindera_megaphylla,GTS
Lindera_reflexa,GTS
Lindera_rubronervia,GTS
Lindernia_antipoda,GTS
Lindernia_crustacea,GTS
Lindernia_jiuhuanica,GTS
Lindernia_micrantha,GTS
Lindernia_procumbens,GTS
Lindernia_setulosa,GTS
Liparis_pauliana,GTS
Liquidambar_acalycina,GTS
Liquidambar_formosana,GTS
Liriodendron_chinense,GTS
Liriope_graminifolia,GTS
Liriope_longipedicellata,GTS
Liriope_muscari,GTS
Liriope_spicata,GTS
Lisianthus_martii,GTS
Lithocarpus_brevicaudatus,GTS
Lithocarpus_cleistocarpus,GTS
Lithocarpus_glaber,GTS
Lithocarpus_hancei,GTS
Litsea_coreana,GTS
Litsea_cubeba,GTS
Litsea_elongata,GTS
Lobelia_chinensis,GTS
Lonicera_hypoglauca,GTS
Lonicera_japonica,GTS
Lonicera_macranthoides,GTS
Lonicera_modesta,GTS
Lonicera_pampaninii,GTS
Lophatherum_gracile,GTS
Loropetalum_chinense,GTS
Ludwigia_prostrata,GTS
Luzula_plumosa,GTS
Lycium_chinense,GTS
Lycopus_lucidus_var._hirtus,GTS
Lycoris_radiata,GTS
Lyonia_ovalifolia_var._hebecarpa,GTS
Lysimachia_candida,GTS
Lysimachia_christinae,GTS
Lysimachia_clethroides,GTS
Lysimachia_congestiflora,GTS
Lysimachia_fortunei,GTS
Lysimachia_hemsleyana,GTS
Lysimachia_heterogenea,GTS
Lysimachia_longipes,GTS
Lysimachia_patungensis,GTS
Maackia_hupehensis,GTS
Machilus_grijsii,GTS
Machilus_leptophylla,GTS
Machilus_pauhoi,GTS
Machilus_thunbergii,GTS
Macleaya_cordata,GTS
Maclura_cochinchinensis,GTS
Maclura_tricuspidata,GTS
Maesa_japonica,GTS
Magnolia_cylindrica,GTS
Magnolia_denudata,GTS
Magnolia_figo,GTS
Magnolia_fordiana_var._fordiana,GTS
Magnolia_maudiae,GTS
Magnolia_officinalis,GTS
Maianthemum_japonicum,GTS
Mallotus_nepalensis,GTS
Mallotus_philippensis,GTS
Mallotus_repandus,GTS
Mallotus_stewardii,GTS
Malus_hupehensis,GTS
Malus_leiocalyca,GTS
Matsumurella_chinensis,GTS
Mazus_caducifer,GTS
Mazus_pumilus,GTS
Mazus_stachydifolius,GTS
Medicago_lupulina,GTS
Melia_azedarach,GTS
Meliosma_flexuosa,GTS
Meliosma_oldhamii,GTS
Meliosma_rigida,GTS
Melochia_corchorifolia,GTS
Menispermum_dauricum,GTS
Mentha_canadensis,GTS
Metaplexis_japonica,GTS
Metasequoia_glyptostroboides,GTS
Microstegium_nudum,GTS
Microstegium_vimineum,GTS
Microtropis_fokienensis,GTS
Miscanthus_floridulus,GTS
Mollugo_pentaphylla,GTS
Monochoria_vaginalis,GTS
Monotropa_uniflora,GTS
Morella_rubra,GTS
Morus_alba,GTS
Morus_australis,GTS
Morus_cathayana,GTS
Mosla_chinensis,GTS
Mosla_scabra,GTS
Murdannia_keisak,GTS
Murdannia_nudiflora,GTS
Murdannia_triquetra,GTS
Mussaenda_shikokiana,GTS
Myosoton_aquaticum,GTS
Myriophyllum_propinquum,GTS
Nageia_nagi,GTS
Najas_graminea,GTS
Nandina_domestica,GTS
Neanotis_hirsuta,GTS
Neillia_hanceana,GTS
Nekemias_cantoniensis,GTS
Neoachmandra_japonica,GTS
Neolitsea_aurata_var._chekiangensis,GTS
Neolitsea_aurata_var._paraciculata,GTS
Neoshirakia_japonica,GTS
Nothosmyrnium_japonicum,GTS
Nyssa_sinensis,GTS
Oberonioides_microtatantha,GTS
Ohwia_caudata,GTS
Oldenlandia_corymbosa,GTS
Oldenlandia_diffusa,GTS
Oldenlandia_tenelliflora,GTS
Ophiopogon_japonicus,GTS
Ophiorrhiza_japonica,GTS
Oreocnide_frutescens,GTS
Origanum_vulgare,GTS
Orixa_japonica,GTS
Osmanthus_cooperi,GTS
Osmanthus_fragrans,GTS
Osmanthus_matsumuranus,GTS
Oxalis_corniculata,GTS
Paederia_cavaleriei,GTS
Paederia_foetida,GTS
Paederia_scandens_var._tomentosa,GTS
Panicum_bisulcatum,GTS
Paraprenanthes_pilipes,GTS
Paraprenanthes_sororia,GTS
Paris_polyphylla_var._chinensis,GTS
Paris_polyphylla_var._stenophylla,GTS
Parthenocissus_heterophylla,GTS
Parthenocissus_laetevirens,GTS
Parthenocissus_suberosa,GTS
Parthenocissus_tricuspidata,GTS
Paspalum_distichum,GTS
Paspalum_orbiculare,GTS
Patrinia_heterophylla,GTS
Patrinia_monandra,GTS
Patrinia_scabiosifolia,GTS
Patrinia_villosa,GTS
Paulownia_kawakamii,GTS
Pedicularis_resupinata,GTS
Pellionia_minima,GTS
Pellionia_radicans,GTS
Pellionia_scabra,GTS
Penthorum_chinense,GTS
Perilla_frutescens,GTS
Peristrophe_japonica,GTS
Persicaria_cliopolitana,GTS
Persicaria_dissitiflora,GTS
Persicaria_hydropiper,GTS
Persicaria_hydropiperoides,GTS
Persicaria_japonica,GTS
Persicaria_lapathifolia,GTS
Persicaria_longiseta,GTS
Persicaria_nepalensis,GTS
Persicaria_orientalis,GTS
Persicaria_perfoliata,GTS
Persicaria_pubescens,GTS
Persicaria_sagittata,GTS
Persicaria_sieboldii,GTS
Persicaria_taquetii,GTS
Persicaria_thunbergii,GTS
Persicaria_viscosa,GTS
Pertusadina_metcalfii,GTS
Petasites_japonicus,GTS
Peucedanum_praeruptorum,GTS
Phaenosperma_globosum,GTS
Phalaenopsis_subparishii,GTS
Phedimus_aizoon,GTS
Philadelphus_zhejiangensis,GTS
Phoebe_bournei,GTS
Phoebe_sheareri,GTS
Photinia_beauverdiana,GTS
Photinia_glabra,GTS
Photinia_hirsuta,GTS
Photinia_parvifolia,GTS
Photinia_serratifolia,GTS
Photinia_villosa,GTS
Phryma_leptostachya,GTS
Phyllanthus_glaucus,GTS
Phyllanthus_matsumurae,GTS
Phyllanthus_urinaria,GTS
Phyllostachys_bambusoides,GTS
Phyllostachys_edulis,GTS
Phyllostachys_heteroclada,GTS
Phyllostachys_nigra,GTS
Phyllostachys_sulphurea,GTS
Physaliastrum_heterophyllum,GTS
Physaliastrum_japonicum,GTS
Physalis_alkekengi_var._franchetii,GTS
Physalis_angulata,GTS
Phytolacca_acinosa,GTS
Phytolacca_americana,GTS
Picrasma_quassioides,GTS
Pieris_formosa,GTS
Pieris_japonica,GTS
Pilea_cavaleriei,GTS
Pilea_peploides,GTS
Pilea_pumila,GTS
Pilea_sinofasciata,GTS
Pilea_swinglei,GTS
Pileostegia_viburnoides,GTS
Pimpinella_diversifolia,GTS
Pinellia_cordata,GTS
Pinellia_ternata,GTS
Pinus_massoniana,GTS
Pinus_taiwanensis,GTS
Piper_hancei,GTS
Pistacia_chinensis,GTS
Pittosporum_illicioides,GTS
Plantago_asiatica,GTS
Plantago_major,GTS
Platanthera_minor,GTS
Platanthera_tipuloides,GTS
Platanthera_ussuriensis,GTS
Platycarya_strobilacea,GTS
Platycodon_grandiflorus,GTS
Pleioblastus_amarus,GTS
Pleione_bulbocodioides,GTS
Poa_acroleuca,GTS
Poa_annua,GTS
Poa_faberi,GTS
Podocarpus_macrophyllus,GTS
Pogonatherum_crinitum,GTS
Pogostemon_yatabeanus,GTS
Polygala_arillata,GTS
Polygala_japonica,GTS
Polygonatum_cyrtonema,GTS
Polygonatum_filipes,GTS
Polygonum_aviculare,GTS
Polygonum_cuspidatum,GTS
Polypogon_fugax,GTS
Ponerorchis_gracilis,GTS
Populus_adenopoda,GTS
Populus_x_canadensis,GTS
Portulaca_oleracea,GTS
Potamogeton_crispus,GTS
Potamogeton_distinctus,GTS
Potamogeton_pusillus,GTS
Potentilla_discolor,GTS
Potentilla_fragarioides,GTS
Potentilla_freyniana,GTS
Potentilla_kleiniana,GTS
Pouzolzia_zeylanica,GTS
Premna_microphylla,GTS
Prunella_grandiflora,GTS
Prunella_vulgaris,GTS
Prunus_brachypoda,GTS
Prunus_discoidea,GTS
Prunus_leveilleana,GTS
Prunus_mume,GTS
Prunus_persica,GTS
Prunus_phaeosticta,GTS
Prunus_polytricha,GTS
Prunus_salicina,GTS
Prunus_schneideriana,GTS
Prunus_serrulata,GTS
Prunus_spinulosa,GTS
Prunus_undulata,GTS
Prunus_wilsonii,GTS
Pseudognaphalium_adnatum,GTS
Pseudognaphalium_affine,GTS
Pseudognaphalium_hypoleucum,GTS
Pterocarya_macroptera_var._insignis,GTS
Pterocarya_stenoptera,GTS
Pterocypsela_elata,GTS
Pterostyrax_corymbosus,GTS
Pueraria_montana,GTS
Pycreus_globosus,GTS
Pycreus_sanguinolentus,GTS
Pyrenaria_microcarpa,GTS
Pyrus_calleryana,GTS
Quercus_acutissima,GTS
Quercus_ciliaris,GTS
Quercus_fabri,GTS
Quercus_glauca,GTS
Quercus_jenseniana,GTS
Quercus_phillyraeoides,GTS
Quercus_serrata,GTS
Quercus_sessilifolia,GTS
Quercus_stewardiana,GTS
Quercus_variabilis,GTS
Ranunculus_cantoniensis,GTS
Ranunculus_japonicus,GTS
Ranunculus_sceleratus,GTS
Ranunculus_sieboldii,GTS
Ranunculus_ternatus,GTS
Rehmannia_chingii,GTS
Reynoutria_japonica,GTS
Rhamnella_franguloides,GTS
Rhamnus_crenata,GTS
Rhamnus_globosa,GTS
Rhamnus_utilis,GTS
Rhamnus_wilsonii,GTS
Rhaphiolepis_indica,GTS
Rhaphiolepis_major,GTS
Rhododendron_fortunei,GTS
Rhododendron_latoucheae,GTS
Rhododendron_mariesii,GTS
Rhododendron_ovatum,GTS
Rhododendron_simiarum,GTS
Rhododendron_simsii,GTS
Rhus_chinensis,GTS
Rhus_hypoleuca,GTS
Rohdea_chinensis,GTS
Rorippa_dubia,GTS
Rorippa_indica,GTS
Rosa_bracteata,GTS
Rosa_cymosa,GTS
Rosa_henryi,GTS
Rosa_laevigata,GTS
Rosa_multiflora,GTS
Rosa_rubus,GTS
Rotala_indica,GTS
Rotala_mexicana,GTS
Rotala_rotundifolia,GTS
Rubia_cordifolia,GTS
Rubus_adenophorus,GTS
Rubus_amphidasys,GTS
Rubus_buergeri,GTS
Rubus_chingii,GTS
Rubus_corchorifolius,GTS
Rubus_coreanus,GTS
Rubus_hirsutus,GTS
Rubus_hunanensis,GTS
Rubus_impressinervius,GTS
Rubus_innominatus_var._kuntzeanus,GTS
Rubus_irenaeus,GTS
Rubus_lambertianus,GTS
Rubus_pacificus,GTS
Rubus_parvifolius,GTS
Rubus_peltatus,GTS
Rubus_pungens_var._oldhamii,GTS
Rubus_reflexus,GTS
Rubus_sumatranus,GTS
Rubus_swinhoei,GTS
Rubus_tephrodes,GTS
Rubus_trianthus,GTS
Rubus_tsangiorum,GTS
Rumex_acetosa,GTS
Rumex_dentatus,GTS
Rumex_japonicus,GTS
Sabia_discolor,GTS
Sabia_japonica,GTS
Sabia_swinhoei,GTS
Sageretia_thea,GTS
Sagittaria_pygmaea,GTS
Sagittaria_trifolia,GTS
Salix_babylonica,GTS
Salix_chienii,GTS
Salix_mesnyi,GTS
Salix_rosthornii,GTS
Salvia_chinensis,GTS
Salvia_plebeia,GTS
Salvia_prionitis,GTS
Sambucus_chinensis,GTS
Sambucus_williamsii,GTS
Sanguisorba_officinalis,GTS
Sapindus_mukorossi,GTS
Sarcandra_glabra,GTS
Sargentodoxa_cuneata,GTS
Sassafras_tzumu,GTS
Saurauia_tristyla,GTS
Saururus_chinensis,GTS
Saxifraga_stolonifera,GTS
Schisandra_henryi,GTS
Schisandra_sphenanthera,GTS
Schizophragma_integrifolium,GTS
Schoenoplectiella_juncoides,GTS
Schoenoplectiella_mucronata,GTS
Schoepfia_jasminodora,GTS
Scilla_scilloides,GTS
Scirpus_rosthornii,GTS
Scrophularia_ningpoensis,GTS
Scutellaria_barbata,GTS
Scutellaria_incisa,GTS
Scutellaria_indica,GTS
Scutellaria_pekinensis,GTS
Securinega_suffruticosa,GTS
Sedum_alfredii,GTS
Sedum_bulbiferum,GTS
Sedum_drymarioides,GTS
Sedum_emarginatum,GTS
Sedum_lungtsuanense,GTS
Sedum_makinoi,GTS
Sedum_sarmentosum,GTS
Sedum_tetractinum,GTS
Semiaquilegia_adoxoides,GTS
Semiarundinaria_densiflora,GTS
Senecio_scandens,GTS
Senna_nomame,GTS
Serissa_japonica,GTS
Setaria_faberi,GTS
Setaria_glauca,GTS
Setaria_plicata,GTS
Setaria_viridis,GTS
Sigesbeckia_glabrescens,GTS
Sigesbeckia_orientalis,GTS
Sigesbeckia_pubescens,GTS
Silene_aprica,GTS
Silene_fortunei,GTS
Silene_senno,GTS
Sinoadina_racemosa,GTS
Sinomenium_acutum,GTS
Sinosenecio_oldhamianus,GTS
Siphonostegia_laeta,GTS
Skimmia_reevesiana,GTS
Sloanea_sinensis,GTS
Smilax_arisanensis,GTS
Smilax_china,GTS
Smilax_davidiana,GTS
Smilax_glabra,GTS
Smilax_glaucochina,GTS
Smilax_nervomarginata,GTS
Smilax_nervomarginata_var._liukiuensis,GTS
Smilax_nipponica,GTS
Smilax_riparia,GTS
Solanum_americanum,GTS
Solanum_lyratum,GTS
Solanum_pittosporifolium,GTS
Sonchus_arvensis,GTS
Sonchus_oleraceus,GTS
Sophora_flavescens,GTS
Sorbus_alnifolia,GTS
Sorbus_dunnii,GTS
Sorbus_folgneri,GTS
Sorbus_hemsleyi,GTS
Sparganium_fallax,GTS
Spermacoce_pusilla,GTS
Sphaerocaryum_malaccense,GTS
Spiraea_blumei,GTS
Spiraea_cantoniensis,GTS
Spiraea_chinensis,GTS
Spiraea_japonica,GTS
Spiraea_prunifolia_var._simpliciflora,GTS
Spiraea_x_vanhouttei,GTS
Spiranthes_sinensis,GTS
Spirodela_polyrhiza,GTS
Spodiopogon_cotulifer,GTS
Spodiopogon_sibiricus,GTS
Sporobolus_fertilis,GTS
Stachys_riederi_var._japonica,GTS
Stachyurus_chinensis,GTS
Stauntonia_hexaphylla,GTS
Stauntonia_leucantha,GTS
Stellaria_alsine,GTS
Stellaria_media,GTS
Stephania_cephalantha,GTS
Stephania_japonica,GTS
Stephania_tetrandra,GTS
Stewartia_sinensis,GTS
Styrax_calvescens,GTS
Styrax_confusus,GTS
Styrax_dasyanthus,GTS
Styrax_japonicus,GTS
Styrax_odoratissimus,GTS
Styrax_suberifolius,GTS
Styrax_wuyuanensis,GTS
Swertia_bimaculata,GTS
Swertia_hickinii,GTS
Symphyotrichum_subulatum,GTS
Symplocos_anomala,GTS
Symplocos_chinensis,GTS
Symplocos_cochinchinensis_var._laurina,GTS
Symplocos_lancifolia,GTS
Symplocos_paniculata,GTS
Symplocos_phyllocalyx,GTS
Symplocos_setchuensis,GTS
Symplocos_stellaris,GTS
Symplocos_sumuntia,GTS
Syneilesis_aconitifolia,GTS
Synurus_deltoides,GTS
Tainia_dunnii,GTS
Talinum_paniculatum,GTS
Taraxacum_mongolicum,GTS
Tarenna_mollissima,GTS
Taxodium_distichum,GTS
Taxus_wallichiana_var._chinensis,GTS
Ternstroemia_gymnanthera,GTS
Ternstroemia_nitida,GTS
Tetradium_glabrifolium,GTS
Tetrastigma_hemsleyanum,GTS
Teucrium_viscidum,GTS
Thalictrum_acutifolium,GTS
Thalictrum_faberi,GTS
Thalictrum_fortunei,GTS
Themeda_japonica,GTS
Thladiantha_nudiflora,GTS
Thuja_occidentalis,GTS
Tilia_chingiana,GTS
Tilia_endochrysea,GTS
Tilia_japonica,GTS
Tilia_oliveri,GTS
Toona_ciliata,GTS
Toona_sinensis,GTS
Torreya_grandis,GTS
Toxicodendron_succedaneum,GTS
Toxicodendron_sylvestre,GTS
Toxicodendron_trichocarpum,GTS
Trachelospermum_asiaticum,GTS
Trachelospermum_axillare,GTS
Trachelospermum_jasminoides,GTS
Trachycarpus_fortunei,GTS
Trapa_incisa,GTS
Trapella_sinensis,GTS
Trema_cannabina_var._dielsiana,GTS
Triadica_sebifera,GTS
Trichophorum_subcapitatum,GTS
Trichosanthes_kirilowii,GTS
Tricyrtis_macropoda,GTS
Trillium_tschonoskii,GTS
Tripterospermum_cordatum,GTS
Tripterygium_hypoglaucum,GTS
Tripterygium_wilfordii,GTS
Tubocapsicum_anomalum,GTS
Tulipa_edulis,GTS
Ulmus_changii,GTS
Ulmus_davidiana_var._japonica,GTS
Ulmus_elongata,GTS
Ulmus_parvifolia,GTS
Uncaria_rhynchophylla,GTS
Urena_lobata,GTS
Utricularia_aurea,GTS
Utricularia_bifida,GTS
Vaccinium_bracteatum,GTS
Vaccinium_carlesii,GTS
Vaccinium_henryi,GTS
Vaccinium_iteophyllum,GTS
Vaccinium_mandarinorum,GTS
Vallisneria_natans,GTS
Vandellia_anagallis,GTS
Veratrum_schindleri,GTS
Verbena_officinalis,GTS
Vernicia_fordii,GTS
Vernicia_montana,GTS
Veronica_arvensis,GTS
Veronica_peregrina,GTS
Veronica_persica,GTS
Veronica_polita,GTS
Veronica_undulata,GTS
Veronicastrum_villosulum,GTS
Viburnum_dilatatum,GTS
Viburnum_erosum,GTS
Viburnum_fordiae,GTS
Viburnum_hengshanicum,GTS
Viburnum_lancifolium,GTS
Viburnum_plicatum_var._tomentosum,GTS
Viburnum_propinquum,GTS
Viburnum_sempervirens_var._trichophorum,GTS
Viburnum_setigerum,GTS
Viburnum_sympodiale,GTS
Vicia_sativa,GTS
Vicia_sativa_subsp._nigra,GTS
Vincetoxicum_pycnostelma,GTS
Vincetoxicum_stauntonii,GTS
Viola_acuminata,GTS
Viola_betonicifolia,GTS
Viola_chaerophylloides,GTS
Viola_concordifolia,GTS
Viola_diffusa_var._brevibarbata,GTS
Viola_dissecta,GTS
Viola_grypoceras,GTS
Viola_inconspicua,GTS
Viola_moupinensis,GTS
Viola_philippica,GTS
Viola_stewardiana,GTS
Viola_verecunda,GTS
Vitex_negundo_var._cannabifolia,GTS
Vitis_bryoniifolia,GTS
Vitis_chunganensis,GTS
Vitis_davidii,GTS
Vitis_flexuosa,GTS
Vitis_pseudoreticulata,GTS
Vitis_quinquangularis,GTS
Vitis_romanetii,GTS
Vitis_wilsoniae,GTS
Wahlenbergia_marginata,GTS
Weigela_japonica_var._sinica,GTS
Wikstroemia_indica,GTS
Wikstroemia_monnula,GTS
Wisteria_sinensis,GTS
Xanthium_sibiricum,GTS
Xylosma_congesta,GTS
Youngia_erythrocarpa,GTS
Youngia_japonica,GTS
Yua_thomsonii,GTS
Zanthoxylum_ailanthoides,GTS
Zanthoxylum_armatum,GTS
Zanthoxylum_scandens,GTS
Zanthoxylum_simulans,GTS
Zelkova_schneideriana,GTS
Zelkova_serrata,GTS
Zingiber_mioga,GTS
