Abelia_chinensis,SNJ
Abelia_engleriana,SNJ
Abelia_parvifolia,SNJ
Abelmoschus_manihot,SNJ
Acalypha_australis,SNJ
Acer_amplum,SNJ
Acer_buergerianum,SNJ
Acer_campbellii_subsp._wilsonii,SNJ
Acer_cinnamomifolium,SNJ
Acer_cordatum,SNJ
Acer_davidii,SNJ
Acer_fabri,SNJ
Acer_flabellatum,SNJ
Acer_griseum,SNJ
Acer_henryi,SNJ
Acer_laevigatum,SNJ
Acer_longipes,SNJ
Acer_maximowiczianum,SNJ
Acer_oliverianum,SNJ
Acer_palmatum,SNJ
Acer_pectinatum_subsp._maximowiczii,SNJ
Acer_robustum,SNJ
Acer_sinense,SNJ
Acer_stachyophyllum,SNJ
Acer_sterculiaceum_subsp._franchetii,SNJ
Acer_sutchuenense,SNJ
Acer_tataricum_subsp._theiferum,SNJ
Achillea_wilsoniana,SNJ
Achyranthes_aspera,SNJ
Achyranthes_bidentata,SNJ
Aconitum_cannabifolium,SNJ
Aconitum_carmichaelii,SNJ
Aconitum_hemsleyanum,SNJ
Aconitum_henryi,SNJ
Aconitum_scaposum,SNJ
Aconitum_sinomontanum,SNJ
Aconitum_variegatum,SNJ
Acorus_calamus,SNJ
Acorus_gramineus,SNJ
Acorus_tatarinowii,SNJ
Actaea_asiatica,SNJ
Actaea_cimicifuga,SNJ
Actaea_japonica,SNJ
Actinidia_arguta,SNJ
Actinidia_callosa,SNJ
Actinidia_callosa_var._henryi,SNJ
Actinidia_chinensis,SNJ
Actinidia_deliciosa,SNJ
Actinidia_kolomikta,SNJ
Actinidia_latifolia,SNJ
Actinodaphne_cupularis,SNJ
Actinostemma_tenerum,SNJ
Adenocaulon_himalaicum,SNJ
Adenophora_capillaris,SNJ
Adenophora_hubeiensis,SNJ
Adenophora_hunanensis,SNJ
Adenophora_paniculata,SNJ
Adenophora_petiolata,SNJ
Adenophora_stricta,SNJ
Adina_rubella,SNJ
Aegonychon_zollingeri,SNJ
Aesculus_chinensis_var._wilsonii,SNJ
Agastache_rugosa,SNJ
Agrimonia_pilosa,SNJ
Agrostis_clavata,SNJ
Agrostis_micrantha,SNJ
Ailanthus_altissima,SNJ
Ainsliaea_fragrans,SNJ
Ainsliaea_glabra,SNJ
Ainsliaea_gracilis,SNJ
Ainsliaea_grossedentata,SNJ
Ainsliaea_henryi,SNJ
Ainsliaea_macroclinidioides,SNJ
Ajuga_decumbens,SNJ
Akebia_quinata,SNJ
Akebia_trifoliata,SNJ
Alangium_chinense,SNJ
Alangium_chinense_subsp._pauciflorum,SNJ
Alangium_platanifolium,SNJ
Albizia_julibrissin,SNJ
Albizia_kalkora,SNJ
Alcea_rosea,SNJ
Aletris_spicata,SNJ
Allium_cepa,SNJ
Allium_cyaneum,SNJ
Allium_fistulosum,SNJ
Allium_macrostemon,SNJ
Alniphyllum_fortunei,SNJ
Alopecurus_aequalis,SNJ
Alopecurus_japonicus,SNJ
Alpinia_japonica,SNJ
Amaranthus_caudatus,SNJ
Amaranthus_paniculatus,SNJ
Amentotaxus_argotaenia,SNJ
Amorphophallus_konjac,SNJ
Ampelopsis_bodinieri,SNJ
Ampelopsis_delavayana,SNJ
Ampelopsis_humulifolia,SNJ
Amphicarpaea_trisperma,SNJ
Anaphalis_margaritacea,SNJ
Anaphalis_margaritacea_var._japonica,SNJ
Anaphalis_sinica,SNJ
Anemone_davidii,SNJ
Anemone_flaccida,SNJ
Anemone_hupehensis,SNJ
Anemone_rivularis,SNJ
Anemone_tomentosa,SNJ
Angelica_decursiva,SNJ
Angelica_polymorpha,SNJ
Angelica_pubescens,SNJ
Angelica_sinensis,SNJ
Antenoron_filiforme_var._filiforme,SNJ
Antidesma_bunius,SNJ
Aphelandra_terryae,SNJ
Apios_fortunei,SNJ
Apium_graveolens,SNJ
Aquilegia_ecalcarata,SNJ
Aquilegia_oxysepala_var._kansuensis,SNJ
Aquilegia_yabeana,SNJ
Aralia_chinensis,SNJ
Aralia_cordata,SNJ
Aralia_dasyphylloides,SNJ
Aralia_elata,SNJ
Aralia_henryi,SNJ
Aralia_houheensis,SNJ
Arctium_lappa,SNJ
Ardisia_crenata,SNJ
Ardisia_crispa,SNJ
Ardisia_japonica,SNJ
Arenaria_serpyllifolia,SNJ
Arisaema_erubescens,SNJ
Arisaema_fargesii,SNJ
Arisaema_heterophyllum,SNJ
Arisaema_lobatum,SNJ
Aristolochia_contorta,SNJ
Aristolochia_heterophylla,SNJ
Aristolochia_moupinensis,SNJ
Artemisia_argyi,SNJ
Artemisia_capillaris,SNJ
Artemisia_deserti,SNJ
Artemisia_japonica,SNJ
Artemisia_lactiflora,SNJ
Artemisia_lavandulifolia,SNJ
Artemisia_princeps,SNJ
Artemisia_roxburghiana,SNJ
Artemisia_rubripes,SNJ
Artemisia_scoparia,SNJ
Artemisia_sylvatica,SNJ
Arthraxon_hispidus,SNJ
Arthraxon_lancifolius,SNJ
Aruncus_dioicus,SNJ
Arundinaria_fargesii,SNJ
Arundinella_hirta,SNJ
Asarum_caudigerum,SNJ
Asarum_caulescens,SNJ
Asarum_debile,SNJ
Asarum_himalaicum,SNJ
Asarum_maximum,SNJ
Asarum_pulchellum,SNJ
Asarum_sieboldii,SNJ
Asparagus_filicinus,SNJ
Asparagus_lycopodineus,SNJ
Aster_ageratoides,SNJ
Aster_indicus,SNJ
Aster_panduratus,SNJ
Aster_pekinensis,SNJ
Aster_tataricus,SNJ
Astilbe_chinensis,SNJ
Astragalus_sinicus,SNJ
Asystasiella_neesiana,SNJ
Atractylodes_macrocephala,SNJ
Bassia_scoparia,SNJ
Bauhinia_brachycarpa,SNJ
Beckmannia_syzigachne,SNJ
Begonia_cubensis,SNJ
Begonia_grandis,SNJ
Begonia_henryi,SNJ
Begonia_pedatifida,SNJ
Benincasa_hispida,SNJ
Berberis_bealei,SNJ
Berberis_bergmanniae,SNJ
Berberis_brachypoda,SNJ
Berberis_candidula,SNJ
Berberis_dasystachya,SNJ
Berberis_fortunei,SNJ
Berberis_gagnepainii,SNJ
Berberis_gracilipes,SNJ
Berberis_julianae,SNJ
Berberis_silvicola,SNJ
Berberis_soulieana,SNJ
Berberis_triacanthophora,SNJ
Berberis_virgetorum,SNJ
Berberis_wilsonae,SNJ
Berchemia_flavescens,SNJ
Berchemia_floribunda,SNJ
Berchemia_polyphylla,SNJ
Berchemia_sinica,SNJ
Beta_vulgaris,SNJ
Betula_austrosinensis,SNJ
Betula_luminifera,SNJ
Betula_utilis,SNJ
Betula_utilis_subsp._albosinensis,SNJ
Biancaea_decapetala,SNJ
Bidens_biternata,SNJ
Bidens_pilosa,SNJ
Bidens_tripartita,SNJ
Bistorta_amplexicaulis,SNJ
Bistorta_vivipara,SNJ
Bletilla_striata,SNJ
Blyxa_echinosperma,SNJ
Blyxa_japonica,SNJ
Boehmeria_gracilis,SNJ
Boehmeria_nivea,SNJ
Boehmeria_silvestrii,SNJ
Boenninghausenia_albiflora,SNJ
Bolbostemma_paniculatum,SNJ
Bothriochloa_bladhii,SNJ
Bothriochloa_ischaemum,SNJ
Brachypodium_sylvaticum,SNJ
Brandisia_hancei,SNJ
Brassica_juncea,SNJ
Brassica_oleracea,SNJ
Brassica_rapa,SNJ
Brassica_rapa_subsp._chinensis,SNJ
Bretschneidera_sinensis,SNJ
Bromus_remotiflorus,SNJ
Broussonetia_kazinoki,SNJ
Broussonetia_papyrifera,SNJ
Buddleja_albiflora,SNJ
Buddleja_davidii,SNJ
Buddleja_lindleyana,SNJ
Buddleja_officinalis,SNJ
Bulbophyllum_inconspicuum,SNJ
Bupleurum_chinense,SNJ
Bupleurum_longicaule,SNJ
Buxus_henryi,SNJ
Buxus_sinica,SNJ
Calamagrostis_arundinacea,SNJ
Calamagrostis_epigeios,SNJ
Calamagrostis_hakonensis,SNJ
Calanthe_alismifolia,SNJ
Calanthe_alpina,SNJ
Calanthe_arcuata,SNJ
Calanthe_davidii,SNJ
Calanthe_discolor,SNJ
Calanthe_graciliflora,SNJ
Calanthe_tricarinata,SNJ
Calathodes_oxycarpa,SNJ
Callerya_cinerea,SNJ
Callicarpa_bodinieri,SNJ
Callicarpa_dichotoma,SNJ
Callicarpa_giraldii,SNJ
Callicarpa_japonica_var._angustata,SNJ
Callitropsis_funebris,SNJ
Calystegia_sepium,SNJ
Camellia_cuspidata,SNJ
Camellia_oleifera,SNJ
Camellia_sinensis,SNJ
Campsis_grandiflora,SNJ
Camptotheca_acuminata,SNJ
Cannabis_sativa,SNJ
Capillipedium_assimile,SNJ
Capillipedium_parviflorum,SNJ
Capsicum_annuum,SNJ
Capsicum_frutescens,SNJ
Cardamine_flexuosa,SNJ
Cardamine_griffithii,SNJ
Cardamine_hirsuta,SNJ
Cardamine_leucantha,SNJ
Cardamine_lyrata,SNJ
Cardamine_macrophylla,SNJ
Cardiandra_moellendorffii,SNJ
Carex_brunnea,SNJ
Carex_enervis,SNJ
Carex_fargesii,SNJ
Carex_filicina,SNJ
Carex_henryi,SNJ
Carex_lenta_var._sendaica,SNJ
Carex_ligulata,SNJ
Carex_maubertiana,SNJ
Carex_stipitinux,SNJ
Carpesium_abrotanoides,SNJ
Carpesium_divaricatum,SNJ
Carpinus_fargesiana,SNJ
Carpinus_hupeana,SNJ
Carpinus_polyneura,SNJ
Carpinus_pubescens,SNJ
Carpinus_tschonoskii,SNJ
Carpinus_turczaninovii,SNJ
Carpinus_viminea,SNJ
Caryopteris_divaricata,SNJ
Castanea_henryi,SNJ
Castanea_mollissima,SNJ
Castanea_seguinii,SNJ
Castanopsis_eyrei,SNJ
Castanopsis_fargesii,SNJ
Castanopsis_tibetana,SNJ
Catalpa_fargesii,SNJ
Catalpa_ovata,SNJ
Caulophyllum_robustum,SNJ
Cayratia_japonica,SNJ
Cayratia_japonica_var._pseudotrifolia,SNJ
Celastrus_angulatus,SNJ
Celastrus_gemmatus,SNJ
Celastrus_glaucophyllus,SNJ
Celastrus_hindsii,SNJ
Celastrus_hypoleucus,SNJ
Celastrus_orbiculatus,SNJ
Celastrus_rugosus,SNJ
Celastrus_vaniotii,SNJ
Celosia_cristata,SNJ
Celtis_biondii,SNJ
Cenchrus_compressus,SNJ
Cephalanthera_longifolia,SNJ
Cephalotaxus_fortunei,SNJ
Cephalotaxus_oliveri,SNJ
Cephalotaxus_sinensis,SNJ
Cercidiphyllum_japonicum,SNJ
Cercis_chinensis,SNJ
Chamabainia_cuspidata,SNJ
Chamerion_angustifolium,SNJ
Chenopodium_album,SNJ
Chenopodium_gracilispicum,SNJ
Chenopodium_serotinum,SNJ
Chimonanthus_nitens,SNJ
Chimonanthus_praecox,SNJ
Chirita_dimidiata,SNJ
Chirita_eburnea,SNJ
Chlorophytum_nepalense,SNJ
Chrysanthemum_indicum,SNJ
Chrysanthemum_x_morifolium,SNJ
Chrysosplenium_lanuginosum,SNJ
Chrysosplenium_macrophyllum,SNJ
Chrysosplenium_sinicum,SNJ
Cinnamomum_bodinieri,SNJ
Cinnamomum_camphora,SNJ
Cinnamomum_jensenianum,SNJ
Cinnamomum_septentrionale,SNJ
Cinnamomum_wilsonii,SNJ
Circaea_erubescens,SNJ
Circaea_mollis,SNJ
Cirsium_fargesii,SNJ
Cirsium_japonicum,SNJ
Cirsium_lineare,SNJ
Cirsium_setosum,SNJ
Citrus_cavaleriei,SNJ
Clematis_apiifolia_var._obtusidentata,SNJ
Clematis_argentilucida,SNJ
Clematis_armandii,SNJ
Clematis_chinensis,SNJ
Clematis_gratopsis,SNJ
Clematis_henryi,SNJ
Clematis_javana,SNJ
Clematis_lasiandra,SNJ
Clematis_leschenaultiana,SNJ
Clematis_longistyla,SNJ
Clematis_montana,SNJ
Clematis_otophora,SNJ
Clematis_peterae,SNJ
Clematis_pseudootophora,SNJ
Clematis_repens,SNJ
Clematis_terniflora,SNJ
Clematis_uncinata,SNJ
Clematis_urophylla,SNJ
Clematoclethra_scandens,SNJ
Clerodendrum_bungei,SNJ
Clerodendrum_fragrans,SNJ
Clerodendrum_luteopunctatum,SNJ
Clerodendrum_mandarinorum,SNJ
Clerodendrum_trichotomum,SNJ
Clethra_barbinervis,SNJ
Clethra_fargesii,SNJ
Clinopodium_chinense,SNJ
Clinopodium_megalanthum,SNJ
Clinopodium_polycephalum,SNJ
Clintonia_udensis,SNJ
Cocculus_orbiculatus,SNJ
Codonopsis_javanica,SNJ
Codonopsis_pilosula,SNJ
Codonopsis_pilosula_subsp._tangshen,SNJ
Colocasia_esculenta,SNJ
Commelina_benghalensis,SNJ
Commelina_communis,SNJ
Coptis_chinensis,SNJ
Corallodiscus_lanuginosus,SNJ
Coreopsis_lanceolata,SNJ
Coriandrum_sativum,SNJ
Coriaria_nepalensis,SNJ
Cornus_capitata,SNJ
Cornus_chinensis,SNJ
Cornus_controversa,SNJ
Cornus_officinalis,SNJ
Cornus_walteri,SNJ
Corydalis_edulis,SNJ
Corydalis_ochotensis,SNJ
Corydalis_racemosa,SNJ
Corydalis_saxicola,SNJ
Corydalis_temulifolia,SNJ
Corydalis_yanhusuo,SNJ
Corylopsis_multiflora,SNJ
Corylopsis_sinensis,SNJ
Corylus_chinensis,SNJ
Corylus_ferox_var._thibetica,SNJ
Corylus_heterophylla_var._sutchuenensis,SNJ
Cosmos_bipinnatus,SNJ
Cotoneaster_acutifolius,SNJ
Cotoneaster_apiculatus,SNJ
Cotoneaster_bullatus,SNJ
Cotoneaster_buxifolius,SNJ
Cotoneaster_dammeri,SNJ
Cotoneaster_dielsianus,SNJ
Cotoneaster_divaricatus,SNJ
Cotoneaster_foveolatus,SNJ
Cotoneaster_glabratus,SNJ
Cotoneaster_gracilis,SNJ
Cotoneaster_horizontalis,SNJ
Cotoneaster_salicifolius,SNJ
Cotoneaster_silvestrii,SNJ
Cotoneaster_tenuipes,SNJ
Cotoneaster_zabelii,SNJ
Crataegus_hupehensis,SNJ
Crataegus_wilsonii,SNJ
Crepidium_longifolium,SNJ
Crotalaria_juncea,SNJ
Cryptomeria_japonica,SNJ
Cryptotaenia_japonica,SNJ
Cucurbita_moschata,SNJ
Cunninghamia_lanceolata,SNJ
Cuscuta_australis,SNJ
Cuscuta_chinensis,SNJ
Cuscuta_japonica,SNJ
Cyanthillium_cinereum,SNJ
Cyclea_racemosa,SNJ
Cyclea_sutchuenensis,SNJ
Cyclocarya_paliurus,SNJ
Cymbidium_faberi,SNJ
Cynanchum_wilfordii,SNJ
Cynodon_dactylon,SNJ
Cynoglossum_coeruleum,SNJ
Cynoglossum_lanceolatum,SNJ
Cyperus_compressus,SNJ
Cyperus_difformis,SNJ
Cyperus_microiria,SNJ
Cyperus_rotundus,SNJ
Cypripedium_franchetii,SNJ
Cypripedium_henryi,SNJ
Cypripedium_japonicum,SNJ
Dactylis_glomerata,SNJ
Dahlia_pinnata,SNJ
Dalbergia_dyeriana,SNJ
Dalbergia_hupeana,SNJ
Dalbergia_mimosoides,SNJ
Daphne_genkwa,SNJ
Daphne_papyracea,SNJ
Daphne_tangutica,SNJ
Daphniphyllum_oldhamii,SNJ
Datura_stramonium,SNJ
Daucus_carota,SNJ
Daucus_carota_subsp._sativus,SNJ
Davidia_involucrata,SNJ
Decaisnea_insignis,SNJ
Delphinium_sinoelatum,SNJ
Dendrobium_huoshanense,SNJ
Dendrobium_moniliforme,SNJ
Deutzia_discolor,SNJ
Deutzia_ningpoensis,SNJ
Dianthus_longicalyx,SNJ
Dianthus_superbus,SNJ
Dichocarpum_fargesii,SNJ
Dichondra_repens,SNJ
Dickinsia_hydrocotyloides,SNJ
Digitalis_purpurea,SNJ
Digitaria_sanguinalis,SNJ
Digitaria_violascens,SNJ
Dinebra_chinensis,SNJ
Dioscorea_alata,SNJ
Dioscorea_bulbifera,SNJ
Dioscorea_collettii,SNJ
Dioscorea_collettii_var._hypoglauca,SNJ
Dioscorea_gracillima,SNJ
Dioscorea_japonica,SNJ
Dioscorea_kamoonensis,SNJ
Dioscorea_nipponica,SNJ
Dioscorea_oppositifolia,SNJ
Dioscorea_panthaica,SNJ
Dioscorea_septemloba,SNJ
Dioscorea_tokoro,SNJ
Dioscorea_zingiberensis,SNJ
Diospyros_armata,SNJ
Diospyros_cathayensis,SNJ
Diospyros_kaki,SNJ
Diospyros_lotus,SNJ
Diphylleia_sinensis,SNJ
Dipsacus_asperoides,SNJ
Dipsacus_japonicus,SNJ
Dipteronia_sinensis,SNJ
Disporopsis_aspersa,SNJ
Disporopsis_pernyi,SNJ
Disporum_cantoniense,SNJ
Disporum_megalanthum,SNJ
Distylium_chinense,SNJ
Dorcoceras_clarkeanum,SNJ
Dorcoceras_hygrometricum,SNJ
Duchesnea_chrysantha,SNJ
Dysosma_delavayi,SNJ
Dysosma_difformis,SNJ
Dysosma_versipellis,SNJ
Edgeworthia_chrysantha,SNJ
Ehretia_macrophylla,SNJ
Elatostema_cuspidatum,SNJ
Elatostema_megacephalum,SNJ
Elatostema_myrtillus,SNJ
Elatostema_nasutum,SNJ
Elatostema_parvum,SNJ
Elatostema_sessile,SNJ
Elatostema_sinense,SNJ
Elatostema_stewardii,SNJ
Eleusine_indica,SNJ
Eleutherococcus_henryi,SNJ
Eleutherococcus_leucorrhizus,SNJ
Eleutherococcus_nodiflorus,SNJ
Eleutherococcus_setchuenensis,SNJ
Eleutherococcus_simonii,SNJ
Eleutherococcus_trifoliatus,SNJ
Elsholtzia_argyi,SNJ
Elsholtzia_blanda,SNJ
Elsholtzia_ciliata,SNJ
Elsholtzia_cypriani,SNJ
Elsholtzia_stachyodes,SNJ
Elymus_ciliaris,SNJ
Elymus_dahuricus,SNJ
Elymus_kamoji,SNJ
Elymus_serotinus,SNJ
Emilia_sonchifolia,SNJ
Emmenopterys_henryi,SNJ
Enkianthus_chinensis,SNJ
Eomecon_chionantha,SNJ
Epilobium_amurense,SNJ
Epilobium_hirsutum,SNJ
Epilobium_parviflorum,SNJ
Epilobium_verticillatum,SNJ
Epimedium_acuminatum,SNJ
Epimedium_davidii,SNJ
Epimedium_fargesii,SNJ
Epimedium_hunanense,SNJ
Epimedium_sagittatum,SNJ
Epimedium_wushanense,SNJ
Epipactis_mairei,SNJ
Eragrostis_ferruginea,SNJ
Eragrostis_pilosa,SNJ
Erechtites_hieraciifolius,SNJ
Erigeron_annuus,SNJ
Erigeron_canadensis,SNJ
Eriobotrya_japonica,SNJ
Eriocaulon_buergerianum,SNJ
Eriochloa_villosa,SNJ
Euchiton_japonicus,SNJ
Eucommia_ulmoides,SNJ
Euonymus_acanthocarpus,SNJ
Euonymus_alatus,SNJ
Euonymus_bockii,SNJ
Euonymus_euscaphis,SNJ
Euonymus_fortunei,SNJ
Euonymus_grandiflorus,SNJ
Euonymus_hamiltonianus,SNJ
Euonymus_hupehensis,SNJ
Euonymus_macropterus,SNJ
Euonymus_myrianthus,SNJ
Euonymus_nitidus,SNJ
Euonymus_phellomanus,SNJ
Euonymus_sanguineus,SNJ
Euonymus_subsessilis,SNJ
Eupatorium_chinense,SNJ
Eupatorium_japonicum,SNJ
Eupatorium_leptophyllum,SNJ
Eupatorium_lindleyanum,SNJ
Euphorbia_humifusa,SNJ
Euphorbia_hylonoma,SNJ
Euphorbia_pekinensis,SNJ
Euphorbia_sikkimensis,SNJ
Euptelea_pleiosperma,SNJ
Eurya_alata,SNJ
Eurya_brevistyla,SNJ
Eurya_hebeclados,SNJ
Eurya_nitida,SNJ
Eurya_obtusifolia,SNJ
Euscaphis_japonica,SNJ
Eutrema_yunnanense,SNJ
Exochorda_giraldii_var._wilsonii,SNJ
Fagopyrum_dibotrys,SNJ
Fagopyrum_esculentum,SNJ
Fagopyrum_gracilipes,SNJ
Fagus_engleriana,SNJ
Fagus_longipetiolata,SNJ
Fallopia_cynanchoides,SNJ
Fallopia_multiflora,SNJ
Farfugium_japonicum,SNJ
Fargesia_spathacea,SNJ
Fatoua_villosa,SNJ
Festuca_modesta,SNJ
Festuca_rubra,SNJ
Ficus_gasparriniana_var._viridescens,SNJ
Ficus_henryi,SNJ
Ficus_heteromorpha,SNJ
Ficus_pumila,SNJ
Ficus_sarmentosa,SNJ
Ficus_tikoua,SNJ
Ficus_virens,SNJ
Fimbristylis_miliacea,SNJ
Fimbristylis_stauntonii,SNJ
Firmiana_simplex,SNJ
Flemingia_philippinensis,SNJ
Foeniculum_vulgare,SNJ
Forsythia_suspensa,SNJ
Fragaria_orientalis,SNJ
Frangula_henryi,SNJ
Fraxinus_griffithii,SNJ
Fraxinus_platypoda,SNJ
Fraxinus_retusa,SNJ
Fritillaria_hupehensis,SNJ
Fritillaria_pallidiflora,SNJ
Fritillaria_taipaiensis,SNJ
Fritillaria_thunbergii,SNJ
Galinsoga_parviflora,SNJ
Galium_bungei,SNJ
Galium_japonicum,SNJ
Gamblea_ciliata,SNJ
Gardenia_jasminoides,SNJ
Gastrodia_elata,SNJ
Gentiana_rubicunda,SNJ
Gentiana_squarrosa,SNJ
Gentiana_straminea,SNJ
Gentiana_veitchiorum,SNJ
Geranium_henryi,SNJ
Geranium_robertianum,SNJ
Geranium_thunbergii,SNJ
Geranium_wilfordii,SNJ
Gerbera_piloselloides,SNJ
Geum_aleppicum,SNJ
Ginkgo_biloba,SNJ
Girardinia_diversifolia,SNJ
Glechoma_longituba,SNJ
Gleditsia_sinensis,SNJ
Glochidion_puberum,SNJ
Glochidion_wilsonii,SNJ
Glycine_soja,SNJ
Gonostegia_hirta,SNJ
Goodyera_repens,SNJ
Goodyera_schlechtendaliana,SNJ
Grewia_biloba,SNJ
Gueldenstaedtia_verna_subsp._multiflora,SNJ
Gymnocladus_chinensis,SNJ
Gymnotheca_chinensis,SNJ
Gynostemma_pentaphyllum,SNJ
Halenia_elliptica,SNJ
Hamamelis_mollis,SNJ
Hedera_sinensis,SNJ
Helianthus_annuus,SNJ
Helianthus_tuberosus,SNJ
Helwingia_chinensis,SNJ
Helwingia_japonica,SNJ
Hemerocallis_citrina,SNJ
Hemerocallis_fulva,SNJ
Hemerocallis_lilioasphodelus,SNJ
Hemerocallis_minor,SNJ
Hemiboea_henryi,SNJ
Hemiboea_subcapitata,SNJ
Hemisteptia_lyrata,SNJ
Hemsleya_chinensis,SNJ
Heracleum_candicans,SNJ
Heracleum_hemsleyanum,SNJ
Heracleum_moellendorffii,SNJ
Herminium_lanceum,SNJ
Heterolamium_debile,SNJ
Hibiscus_syriacus,SNJ
Hieracium_umbellatum,SNJ
Himalaiella_deltoidea,SNJ
Holboellia_angustifolia,SNJ
Holboellia_grandiflora,SNJ
Hosiea_sinensis,SNJ
Hosta_plantaginea,SNJ
Hosta_ventricosa,SNJ
Houttuynia_cordata,SNJ
Hovenia_acerba,SNJ
Hovenia_dulcis,SNJ
Hovenia_trichocarpa,SNJ
Humulus_scandens,SNJ
Hydrangea_angustipetala,SNJ
Hydrangea_arborescens,SNJ
Hydrangea_davidii,SNJ
Hydrangea_longipes,SNJ
Hydrangea_macrophylla,SNJ
Hydrangea_strigosa,SNJ
Hydrangea_villosa,SNJ
Hydrilla_verticillata,SNJ
Hydrocharis_dubia,SNJ
Hydrocotyle_nepalensis,SNJ
Hylodesmum_podocarpum,SNJ
Hylomecon_japonica,SNJ
Hylotelephium_erythrostictum,SNJ
Hylotelephium_verticillatum,SNJ
Hypericum_ascyron,SNJ
Hypericum_attenuatum,SNJ
Hypericum_erectum,SNJ
Hypericum_monogynum,SNJ
Hypericum_patulum,SNJ
Hypericum_perforatum,SNJ
Hypericum_sampsonii,SNJ
Hypericum_seniawinii,SNJ
Ilex_bioritsensis,SNJ
Ilex_chieniana,SNJ
Ilex_chinensis,SNJ
Ilex_corallina,SNJ
Ilex_ficoidea,SNJ
Ilex_macrocarpa,SNJ
Ilex_micrococca,SNJ
Ilex_pedunculosa,SNJ
Ilex_pernyi,SNJ
Ilex_triflora,SNJ
Ilex_wilsonii,SNJ
Ilex_yunnanensis,SNJ
Illicium_henryi,SNJ
Illicium_lanceolatum,SNJ
Impatiens_balsamina,SNJ
Impatiens_blepharosepala,SNJ
Impatiens_davidii,SNJ
Impatiens_leptocaulon,SNJ
Impatiens_pritzelii,SNJ
Impatiens_recurvicornis,SNJ
Impatiens_siculifer,SNJ
Impatiens_stenosepala,SNJ
Impatiens_wilsonii,SNJ
Imperata_cylindrica,SNJ
Indigofera_cinerascens,SNJ
Indigofera_nigrescens,SNJ
Indigofera_pseudotinctoria,SNJ
Indocalamus_latifolius,SNJ
Indocalamus_longiauritus,SNJ
Indocalamus_pedalis,SNJ
Indocalamus_tessellatus,SNJ
Inula_japonica,SNJ
Ipomoea_aquatica,SNJ
Ipomoea_batatas,SNJ
Ipomoea_purpurea,SNJ
Iris_domestica,SNJ
Iris_japonica,SNJ
Isachne_globosa,SNJ
Isodon_nervosus,SNJ
Isodon_racemosus,SNJ
Itea_ilicifolia,SNJ
Ixeridium_gracile,SNJ
Ixeris_chinensis,SNJ
Ixeris_polycephala,SNJ
Juglans_cathayensis,SNJ
Juglans_regia,SNJ
Juncus_alatus,SNJ
Juncus_aquaticus,SNJ
Juncus_capitatus,SNJ
Juncus_diastrophanthus,SNJ
Juncus_effusus,SNJ
Juncus_setchuensis_var._effusoides,SNJ
Juniperus_chinensis,SNJ
Juniperus_formosana,SNJ
Justicia_quadrifaria,SNJ
Kadsura_heteroclita,SNJ
Kadsura_longipedunculata,SNJ
Kalimeris_shimadae,SNJ
Kalopanax_septemlobus,SNJ
Kerria_japonica,SNJ
Keteleeria_davidiana,SNJ
Koelreuteria_bipinnata,SNJ
Koenigia_tripterocarpa,SNJ
Kummerowia_stipulacea,SNJ
Kummerowia_striata,SNJ
Lactuca_formosana,SNJ
Lactuca_indica,SNJ
Lactuca_raddeana,SNJ
Lactuca_sativa,SNJ
Lagerstroemia_indica,SNJ
Lagerstroemia_subcostata,SNJ
Lamium_amplexicaule,SNJ
Lamium_barbatum,SNJ
Lamprocapnos_spectabilis,SNJ
Laportea_bulbifera,SNJ
Lapsanastrum_apogonoides,SNJ
Larix_kaempferi,SNJ
Lathyrus_quinquenervius,SNJ
Leibnitzia_anandria,SNJ
Lemna_minor,SNJ
Lemna_trisulca,SNJ
Leontopodium_japonicum,SNJ
Leonurus_sibiricus,SNJ
Lepidium_virginicum,SNJ
Leptodermis_potanini,SNJ
Leptopus_chinensis,SNJ
Lespedeza_bicolor,SNJ
Lespedeza_buergeri,SNJ
Lespedeza_davidii,SNJ
Lespedeza_davurica,SNJ
Lespedeza_thunbergii,SNJ
Lespedeza_tomentosa,SNJ
Lessingianthus_adenophyllus,SNJ
Ligularia_dentata,SNJ
Ligularia_hodgsonii,SNJ
Ligularia_intermedia,SNJ
Ligularia_nelumbifolia,SNJ
Ligularia_sibirica,SNJ
Ligularia_stenocephala,SNJ
Ligularia_veitchiana,SNJ
Ligusticopsis_brachyloba,SNJ
Ligusticum_nullivittatum,SNJ
Ligusticum_sinense,SNJ
Ligustrum_lucidum,SNJ
Ligustrum_obtusifolium,SNJ
Ligustrum_quihoui,SNJ
Ligustrum_sinense,SNJ
Lilium_brownii_var._brownii,SNJ
Lilium_davidii,SNJ
Lilium_leucanthum,SNJ
Lilium_rosthornii,SNJ
Lilium_taliense,SNJ
Lindera_aggregata,SNJ
Lindera_chienii,SNJ
Lindera_floribunda,SNJ
Lindera_fragrans,SNJ
Lindera_fruticosa,SNJ
Lindera_glauca,SNJ
Lindera_megaphylla,SNJ
Lindera_obtusiloba,SNJ
Lindera_pulcherrima_var._hemsleyana,SNJ
Lindera_setchuenensis,SNJ
Lindera_supracostata,SNJ
Lindernia_crustacea,SNJ
Lindernia_nummulariifolia,SNJ
Lindernia_ruellioides,SNJ
Liparis_japonica,SNJ
Liquidambar_formosana,SNJ
Liriodendron_chinense,SNJ
Liriope_graminifolia,SNJ
Liriope_minor,SNJ
Liriope_muscari,SNJ
Liriope_spicata,SNJ
Lithocarpus_brevicaudatus,SNJ
Lithocarpus_chrysocomus,SNJ
Lithocarpus_cleistocarpus,SNJ
Lithocarpus_eriobotryoides,SNJ
Lithocarpus_glaber,SNJ
Lithocarpus_henryi,SNJ
Lithocarpus_paniculatus,SNJ
Litsea_cubeba,SNJ
Litsea_elongata,SNJ
Litsea_hupehana,SNJ
Litsea_ichangensis,SNJ
Litsea_mollis,SNJ
Litsea_pungens,SNJ
Litsea_rubescens,SNJ
Litsea_sericea,SNJ
Litsea_subcoriacea,SNJ
Litsea_veitchiana,SNJ
Lolium_perenne,SNJ
Lonicera_acuminata,SNJ
Lonicera_gynochlamydea,SNJ
Lonicera_hemsleyana,SNJ
Lonicera_henryi,SNJ
Lonicera_inconspicua,SNJ
Lonicera_japonica,SNJ
Lonicera_maackii,SNJ
Lonicera_pileata,SNJ
Lonicera_tangutica,SNJ
Lonicera_tragophylla,SNJ
Lophatherum_gracile,SNJ
Loropetalum_chinense,SNJ
Lotus_corniculatus,SNJ
Luffa_aegyptiaca,SNJ
Lycium_chinense,SNJ
Lycopus_lucidus,SNJ
Lycopus_lucidus_var._hirtus,SNJ
Lycoris_aurea,SNJ
Lycoris_chinensis,SNJ
Lycoris_radiata,SNJ
Lycoris_rosea,SNJ
Lyonia_ovalifolia_var._hebecarpa,SNJ
Lysimachia_clethroides,SNJ
Lysimachia_congestiflora,SNJ
Lysimachia_hemsleyana,SNJ
Lysimachia_heterogenea,SNJ
Lysimachia_melampyroides,SNJ
Lysimachia_paridiformis,SNJ
Lysimachia_patungensis,SNJ
Lysimachia_punctatilimba,SNJ
Lysimachia_rubiginosa,SNJ
Lysimachia_stenosepala,SNJ
Lysionotus_pauciflorus,SNJ
Machilus_ichangensis,SNJ
Machilus_leptophylla,SNJ
Machilus_lichuanensis,SNJ
Machilus_microcarpa,SNJ
Machilus_montana,SNJ
Macleaya_cordata,SNJ
Maclura_tricuspidata,SNJ
Macropanax_rosthornii,SNJ
Magnolia_biondii,SNJ
Magnolia_denudata,SNJ
Magnolia_liliiflora,SNJ
Magnolia_martini,SNJ
Magnolia_officinalis_subsp._biloba,SNJ
Magnolia_sprengeri,SNJ
Mahonia_eurybracteata,SNJ
Maianthemum_japonicum,SNJ
Maianthemum_lichiangense,SNJ
Maianthemum_stenolobum,SNJ
Maianthemum_tatsienense,SNJ
Maianthemum_tubiferum,SNJ
Mallotus_apelta,SNJ
Mallotus_nepalensis,SNJ
Mallotus_philippensis,SNJ
Mallotus_repandus,SNJ
Malus_hupehensis,SNJ
Malva_cathayensis,SNJ
Mannagettaea_labiata,SNJ
Matsumurella_chinensis,SNJ
Mazus_pulchellus,SNJ
Mazus_pumilus,SNJ
Mazus_stachydifolius,SNJ
Meehania_henryi,SNJ
Melia_azedarach,SNJ
Melica_onoei,SNJ
Meliosma_cuneifolia,SNJ
Meliosma_flexuosa,SNJ
Meliosma_oldhamii,SNJ
Meliosma_veitchiorum,SNJ
Melissa_axillaris,SNJ
Mentha_canadensis,SNJ
Metagentiana_rhodantha,SNJ
Metaplexis_hemsleyana,SNJ
Metasequoia_glyptostroboides,SNJ
Micranthes_davurica,SNJ
Microstegium_nudum,SNJ
Milium_effusum,SNJ
Mirabilis_jalapa,SNJ
Miscanthus_floridulus,SNJ
Miscanthus_sacchariflorus,SNJ
Miscanthus_sinensis,SNJ
Monotropa_uniflora,SNJ
Morus_alba,SNJ
Morus_australis,SNJ
Morus_cathayana,SNJ
Morus_mongolica,SNJ
Mosla_chinensis,SNJ
Mosla_scabra,SNJ
Mucuna_sempervirens,SNJ
Muhlenbergia_huegelii,SNJ
Murdannia_keisak,SNJ
Najas_chinensis,SNJ
Najas_gracillima,SNJ
Najas_graminea,SNJ
Najas_minor,SNJ
Nandina_domestica,SNJ
Nekemias_megalophylla,SNJ
Neolitsea_aurata,SNJ
Neolitsea_confertifolia,SNJ
Neolitsea_wushanica,SNJ
Nepeta_cataria,SNJ
Nicotiana_tabacum,SNJ
Nothosmyrnium_japonicum,SNJ
Nyssa_sinensis,SNJ
Ocimum_basilicum,SNJ
Ocimum_x_africanum,SNJ
Ophiopogon_bodinieri,SNJ
Ophiopogon_intermedius,SNJ
Ophiopogon_japonicus,SNJ
Ophiorrhiza_japonica,SNJ
Oplismenus_undulatifolius,SNJ
Oreocharis_auricula,SNJ
Origanum_vulgare,SNJ
Orobanche_coerulescens,SNJ
Orobanche_pycnostachya,SNJ
Oryza_sativa,SNJ
Osmanthus_armatus,SNJ
Osmanthus_fragrans,SNJ
Osmorhiza_aristata,SNJ
Ottelia_alismoides,SNJ
Oxalis_corniculata,SNJ
Oxalis_griffithii,SNJ
Pachysandra_axillaris,SNJ
Pachysandra_terminalis,SNJ
Paederia_scandens_var._tomentosa,SNJ
Paeonia_obovata,SNJ
Paliurus_hemsleyanus,SNJ
Panax_japonicus,SNJ
Paraboea_sinensis,SNJ
Parasenecio_rubescens,SNJ
Paris_fargesii,SNJ
Paris_polyphylla,SNJ
Paris_polyphylla_var._chinensis,SNJ
Paris_polyphylla_var._stenophylla,SNJ
Paris_polyphylla_var._yunnanensis,SNJ
Paris_verticillata,SNJ
Parnassia_delavayi,SNJ
Parnassia_wightiana,SNJ
Parthenocissus_himalayana,SNJ
Parthenocissus_laetevirens,SNJ
Parthenocissus_tricuspidata,SNJ
Paspalum_distichum,SNJ
Paspalum_orbiculare,SNJ
Patrinia_heterophylla,SNJ
Patrinia_monandra,SNJ
Patrinia_scabiosifolia,SNJ
Patrinia_villosa,SNJ
Paulownia_fortunei,SNJ
Pedicularis_davidii,SNJ
Pedicularis_henryi,SNJ
Pedicularis_nasturtiifolia,SNJ
Pedicularis_resupinata,SNJ
Penthorum_chinense,SNJ
Perilla_frutescens,SNJ
Periploca_sepium,SNJ
Peristrophe_japonica,SNJ
Persicaria_amplexicaulis,SNJ
Persicaria_capitata,SNJ
Persicaria_hydropiper,SNJ
Persicaria_jucunda,SNJ
Persicaria_lapathifolia,SNJ
Persicaria_macrantha,SNJ
Persicaria_maculosa,SNJ
Persicaria_nepalensis,SNJ
Persicaria_nodosa,SNJ
Persicaria_orientalis,SNJ
Persicaria_perfoliata,SNJ
Persicaria_pubescens,SNJ
Persicaria_runcinata,SNJ
Persicaria_sagittata,SNJ
Persicaria_senticosa,SNJ
Persicaria_sieboldii,SNJ
Persicaria_thunbergii,SNJ
Persicaria_viscofera,SNJ
Persicaria_viscosa,SNJ
Pertya_sinensis,SNJ
Petasites_tricholobus,SNJ
Petrocodon_dealbatus,SNJ
Peucedanum_medicum,SNJ
Peucedanum_praeruptorum,SNJ
Phaenosperma_globosum,SNJ
Phaseolus_vulgaris,SNJ
Phedimus_aizoon,SNJ
Phellodendron_chinense,SNJ
Phellodendron_chinense_var._glabriusculum,SNJ
Philadelphus_incanus,SNJ
Philadelphus_pekinensis,SNJ
Philodendron_erubescens,SNJ
Phlomis_umbrosa,SNJ
Phlomoides_umbrosa,SNJ
Phoebe_faberi,SNJ
Phoebe_neurantha,SNJ
Phoebe_sheareri,SNJ
Phoebe_zhennan,SNJ
Pholidota_yunnanensis,SNJ
Photinia_beauverdiana,SNJ
Photinia_davidsoniae,SNJ
Photinia_parvifolia,SNJ
Photinia_schneideriana,SNJ
Photinia_serratifolia,SNJ
Photinia_villosa,SNJ
Phragmites_australis,SNJ
Phryma_leptostachya,SNJ
Phtheirospermum_japonicum,SNJ
Phyllanthus_daltonii,SNJ
Phyllanthus_urinaria,SNJ
Physospermopsis_delavayi,SNJ
Phytolacca_acinosa,SNJ
Phytolacca_americana,SNJ
Picrasma_quassioides,SNJ
Pilea_angulata,SNJ
Pilea_cavaleriei,SNJ
Pilea_japonica,SNJ
Pilea_martinii,SNJ
Pilea_monilifera,SNJ
Pilea_notata,SNJ
Pilea_peploides,SNJ
Pilea_sinofasciata,SNJ
Pileostegia_viburnoides,SNJ
Pimpinella_diversifolia,SNJ
Pimpinella_rhomboidea,SNJ
Pinellia_pedatisecta,SNJ
Pinellia_ternata,SNJ
Pinus_armandii,SNJ
Pinus_henryi,SNJ
Pinus_massoniana,SNJ
Pinus_tabuliformis,SNJ
Piper_wallichii,SNJ
Pistacia_chinensis,SNJ
Pittosporum_podocarpum,SNJ
Pittosporum_rehderianum,SNJ
Pittosporum_trigonocarpum,SNJ
Pittosporum_truncatum,SNJ
Pittosporum_xylocarpum,SNJ
Plantago_asiatica,SNJ
Plantago_lanceolata,SNJ
Plantago_major,SNJ
Platanus_x_hispanica,SNJ
Platycarya_strobilacea,SNJ
Platycladus_orientalis,SNJ
Platycodon_grandiflorus,SNJ
Pleioblastus_amarus,SNJ
Pleione_bulbocodioides,SNJ
Poa_annua,SNJ
Pogonatherum_crinitum,SNJ
Pogonia_japonica,SNJ
Polygonatum_cirrhifolium,SNJ
Polygonatum_cyrtonema,SNJ
Polygonatum_filipes,SNJ
Polygonatum_franchetii,SNJ
Polygonatum_nodosum,SNJ
Polygonatum_odoratum,SNJ
Polygonatum_zanlanscianense,SNJ
Polygonum_aviculare,SNJ
Polygonum_cuspidatum,SNJ
Polygonum_darrisii,SNJ
Polygonum_ochotense,SNJ
Polygonum_suffultum,SNJ
Polypogon_fugax,SNJ
Polypogon_monspeliensis,SNJ
Populus_adenopoda,SNJ
Populus_lasiocarpa,SNJ
Portulaca_oleracea,SNJ
Potamogeton_crispus,SNJ
Potamogeton_cristatus,SNJ
Potamogeton_distinctus,SNJ
Potentilla_chinensis,SNJ
Potentilla_discolor,SNJ
Potentilla_freyniana,SNJ
Potentilla_kleiniana,SNJ
Primula_efarinosa,SNJ
Primula_ovalifolia,SNJ
Prunella_vulgaris,SNJ
Prunus_davidiana,SNJ
Prunus_salicina,SNJ
Prunus_tatsienensis,SNJ
Prunus_wilsonii,SNJ
Pseudognaphalium_adnatum,SNJ
Pseudognaphalium_affine,SNJ
Pseudognaphalium_hypoleucum,SNJ
Pseudoraphis_sordida,SNJ
Pseudotsuga_sinensis,SNJ
Psilopeganum_sinense,SNJ
Pternopetalum_heterophyllum,SNJ
Pternopetalum_trichomanifolium,SNJ
Pternopetalum_vulgare,SNJ
Pterocarya_hupehensis,SNJ
Pterocarya_stenoptera,SNJ
Pterostyrax_psilophyllus,SNJ
Pterygocalyx_volubilis,SNJ
Pyracantha_atalantioides,SNJ
Pyracantha_crenulata,SNJ
Pyracantha_fortuneana,SNJ
Pyrus_betulifolia,SNJ
Pyrus_calleryana,SNJ
Pyrus_pyrifolia,SNJ
Quercus_acrodonta,SNJ
Quercus_acutissima,SNJ
Quercus_aliena,SNJ
Quercus_dolicholepis,SNJ
Quercus_glauca,SNJ
Quercus_lobata,SNJ
Quercus_multinervis,SNJ
Quercus_oxyodon,SNJ
Quercus_phillyraeoides,SNJ
Quercus_serrata,SNJ
Quercus_spinosa,SNJ
Quercus_variabilis,SNJ
Ranunculus_cantoniensis,SNJ
Ranunculus_japonicus,SNJ
Ranunculus_sceleratus,SNJ
Ranunculus_sieboldii,SNJ
Raphanus_sativus,SNJ
Rehmannia_glutinosa,SNJ
Rehmannia_henryi,SNJ
Reineckea_carnea,SNJ
Reynoutria_ciliinervis,SNJ
Rhamnus_crenata,SNJ
Rhamnus_globosa,SNJ
Rhamnus_lamprophylla,SNJ
Rhamnus_leptacantha,SNJ
Rhamnus_leptophylla,SNJ
Rhamnus_ussuriensis,SNJ
Rhamnus_utilis,SNJ
Rheum_officinale,SNJ
Rheum_undulatum,SNJ
Rhodiola_henryi,SNJ
Rhodiola_yunnanensis,SNJ
Rhododendron_adenopodum,SNJ
Rhododendron_annae,SNJ
Rhododendron_augustinii,SNJ
Rhododendron_discolor,SNJ
Rhododendron_fortunei,SNJ
Rhododendron_haofui,SNJ
Rhododendron_maculiferum,SNJ
Rhododendron_mariesii,SNJ
Rhododendron_simsii,SNJ
Rhododendron_sutchuenense,SNJ
Rhus_chinensis,SNJ
Rhus_potaninii,SNJ
Rhus_punjabensis,SNJ
Ribes_franchetii,SNJ
Ribes_glaciale,SNJ
Ribes_moupinense,SNJ
Ribes_tenue,SNJ
Robinia_pseudoacacia,SNJ
Rodgersia_aesculifolia,SNJ
Rohdea_chinensis,SNJ
Rohdea_fimbriata,SNJ
Rorippa_indica,SNJ
Rosa_banksiae,SNJ
Rosa_caudata,SNJ
Rosa_cymosa,SNJ
Rosa_helenae,SNJ
Rosa_henryi,SNJ
Rosa_multiflora,SNJ
Rosa_roxburghii,SNJ
Rosa_rubus,SNJ
Rosa_sertata,SNJ
Rubia_alata,SNJ
Rubia_cordifolia,SNJ
Rubiteucris_palmata,SNJ
Rubus_adenophorus,SNJ
Rubus_amabilis,SNJ
Rubus_corchorifolius,SNJ
Rubus_flosculosus,SNJ
Rubus_henryi,SNJ
Rubus_ichangensis,SNJ
Rubus_innominatus,SNJ
Rubus_innominatus_var._kuntzeanus,SNJ
Rubus_inopertus,SNJ
Rubus_irenaeus,SNJ
Rubus_lambertianus,SNJ
Rubus_pacificus,SNJ
Rubus_parkeri,SNJ
Rubus_parvifolius,SNJ
Rubus_pectinellus,SNJ
Rubus_peltatus,SNJ
Rubus_phoenicolasius,SNJ
Rubus_pileatus,SNJ
Rubus_playfairianus,SNJ
Rubus_reflexus,SNJ
Rubus_setchuenensis,SNJ
Rubus_sumatranus,SNJ
Rubus_trianthus,SNJ
Rubus_xanthoneurus,SNJ
Ruellia_capitata,SNJ
Rumex_acetosa,SNJ
Rumex_crispus,SNJ
Rumex_dentatus,SNJ
Rumex_japonicus,SNJ
Rumex_nepalensis,SNJ
Sabia_schumanniana,SNJ
Sabia_swinhoei,SNJ
Sabia_yunnanensis,SNJ
Saccharum_spontaneum,SNJ
Sagina_japonica,SNJ
Sagittaria_pygmaea,SNJ
Sagittaria_trifolia,SNJ
Salix_cathayana,SNJ
Salix_disperma,SNJ
Salix_fargesii,SNJ
Salix_matsudana,SNJ
Salix_moupinensis,SNJ
Salvia_chinensis,SNJ
Salvia_maximowicziana,SNJ
Salvia_miltiorrhiza,SNJ
Salvia_plebeia,SNJ
Sambucus_chinensis,SNJ
Sambucus_williamsii,SNJ
Sanguisorba_officinalis,SNJ
Sapindus_mukorossi,SNJ
Saposhnikovia_divaricata,SNJ
Sarcococca_hookeriana_var._digyna,SNJ
Sarcococca_pruniformis,SNJ
Sarcococca_ruscifolia,SNJ
Sarcopyramis_parvifolia,SNJ
Sargentodoxa_cuneata,SNJ
Saruma_henryi,SNJ
Sassafras_tzumu,SNJ
Sauromatum_giganteum,SNJ
Sauropus_androgynus,SNJ
Saussurea_costus,SNJ
Saussurea_japonica,SNJ
Saussurea_phaeantha,SNJ
Saussurea_pinetorum,SNJ
Saxifraga_stolonifera,SNJ
Schefflera_delavayi,SNJ
Schisandra_chinensis,SNJ
Schisandra_henryi,SNJ
Schisandra_propinqua,SNJ
Schisandra_rubriflora,SNJ
Schisandra_sphenanthera,SNJ
Schizopepon_dioicus,SNJ
Schnabelia_terniflora,SNJ
Schoenoplectiella_juncoides,SNJ
Schoepfia_jasminodora,SNJ
Scorzonera_brovicaulis,SNJ
Scrophularia_ningpoensis,SNJ
Scutellaria_baicalensis,SNJ
Scutellaria_indica,SNJ
Sedum_alfredii,SNJ
Sedum_emarginatum,SNJ
Sedum_japonicum,SNJ
Sedum_lineare,SNJ
Sedum_major,SNJ
Sedum_oligospermum,SNJ
Sedum_sarmentosum,SNJ
Sedum_stellariifolium,SNJ
Senecio_ainsliaeiflorus,SNJ
Senecio_ctenophyllus,SNJ
Senecio_nemorensis,SNJ
Senecio_pinifolius,SNJ
Senecio_scandens,SNJ
Serissa_japonica,SNJ
Sesamum_indicum,SNJ
Setaria_faberi,SNJ
Setaria_forbesiana,SNJ
Setaria_plicata,SNJ
Setaria_pumila,SNJ
Setaria_viridis,SNJ
Sheareria_nana,SNJ
Silene_baccifera,SNJ
Silene_banksia,SNJ
Silene_coronaria,SNJ
Silene_firma,SNJ
Silene_fortunei,SNJ
Silene_senno,SNJ
Silene_tatarinowii,SNJ
Sinacalia_tangutica,SNJ
Sinofranchetia_chinensis,SNJ
Sinomenium_acutum,SNJ
Sinosenecio_cyclaminifolius,SNJ
Sinosenecio_eriopodus,SNJ
Sinosenecio_globiger,SNJ
Sinowilsonia_henryi,SNJ
Siphonostegia_chinensis,SNJ
Skimmia_reevesiana,SNJ
Smilax_china,SNJ
Smilax_cocculoides,SNJ
Smilax_discotis,SNJ
Smilax_glabra,SNJ
Smilax_glaucochina,SNJ
Smilax_microphylla,SNJ
Smilax_moranensis,SNJ
Smilax_nigrescens,SNJ
Smilax_nipponica,SNJ
Smilax_outanscianensis,SNJ
Smilax_polycolea,SNJ
Smilax_riparia_var._acuminata,SNJ
Smilax_sieboldii,SNJ
Smilax_stans,SNJ
Solanum_americanum,SNJ
Solanum_lycopersicum,SNJ
Solanum_lyratum,SNJ
Solanum_pittosporifolium,SNJ
Solanum_tuberosum,SNJ
Solanum_virginianum,SNJ
Sonchus_asper,SNJ
Sonchus_oleraceus,SNJ
Sophora_japonica,SNJ
Sorbaria_arborea,SNJ
Sorbus_caloneura,SNJ
Sorbus_folgneri,SNJ
Sorbus_glomerulata,SNJ
Sorbus_keissleri,SNJ
Sorbus_tianschanica,SNJ
Sorbus_wilsoniana,SNJ
Sorghum_bicolor,SNJ
Spiraea_chinensis,SNJ
Spiraea_henryi,SNJ
Spiraea_japonica,SNJ
Spiraea_prunifolia,SNJ
Spiraea_veitchii,SNJ
Spiranthes_sinensis,SNJ
Spodiopogon_cotulifer,SNJ
Spuriopimpinella_arguta,SNJ
Stachys_affinis,SNJ
Stachys_baicalensis,SNJ
Stachys_riederi_var._japonica,SNJ
Staphylea_bumalda,SNJ
Staphylea_holocarpa,SNJ
Stellaria_alsine,SNJ
Stellaria_chinensis,SNJ
Stellaria_media,SNJ
Stellaria_omeiensis,SNJ
Stellaria_vestita,SNJ
Stemona_tuberosa,SNJ
Stenoseris_graciliflora,SNJ
Stephania_cephalantha,SNJ
Stephania_excentrica,SNJ
Stephania_herbacea,SNJ
Stephania_japonica,SNJ
Stephania_sinica,SNJ
Stewartia_sinensis,SNJ
Stranvaesia_amphidoxa,SNJ
Stranvaesia_davidiana,SNJ
Streptolirion_volubile,SNJ
Strobilanthes_forrestii,SNJ
Strobilanthes_lamium,SNJ
Strobilanthes_tubiflos,SNJ
Styrax_calvescens,SNJ
Styrax_hemsleyanus,SNJ
Styrax_japonicus,SNJ
Swertia_bimaculata,SNJ
Swertia_chinensis,SNJ
Swertia_cincta,SNJ
Swertia_erythrosticta,SNJ
Swertia_kouitchensis,SNJ
Swertia_macrosperma,SNJ
Swertia_punicea,SNJ
Sycopsis_sinensis,SNJ
Symplocos_anomala,SNJ
Symplocos_chinensis,SNJ
Symplocos_lancifolia,SNJ
Symplocos_paniculata,SNJ
Symplocos_stellaris,SNJ
Syneilesis_aconitifolia,SNJ
Synurus_deltoides,SNJ
Tagetes_erecta,SNJ
Tapiscia_sinensis,SNJ
Taraxacum_mongolicum,SNJ
Taxodium_distichum_var._imbricatum,SNJ
Taxus_wallichiana_var._chinensis,SNJ
Ternstroemia_gymnanthera,SNJ
Tetracentron_sinense,SNJ
Tetradium_daniellii,SNJ
Tetradium_ruticarpum,SNJ
Tetrapanax_papyrifer,SNJ
Tetrastigma_hemsleyanum,SNJ
Tetrastigma_hypoglaucum,SNJ
Teucrium_viscidum,SNJ
Thalictrum_ichangense,SNJ
Thalictrum_javanicum,SNJ
Theligonum_macranthum,SNJ
Themeda_japonica,SNJ
Thladiantha_henryi,SNJ
Thladiantha_hookeri,SNJ
Thladiantha_nudiflora,SNJ
Thladiantha_oliveri,SNJ
Thlaspi_arvense,SNJ
Tiarella_polyphylla,SNJ
Tilia_chinensis,SNJ
Tilia_oliveri,SNJ
Tilia_tuan,SNJ
Tinospora_sagittata,SNJ
Tofieldia_thibetica,SNJ
Toona_ciliata,SNJ
Toona_sinensis,SNJ
Torilis_japonica,SNJ
Toxicodendron_succedaneum,SNJ
Toxicodendron_trichocarpum,SNJ
Toxicodendron_vernicifluum,SNJ
Trachelospermum_axillare,SNJ
Trachelospermum_bodinieri,SNJ
Trachelospermum_jasminoides,SNJ
Trachycarpus_fortunei,SNJ
Triadica_sebifera,SNJ
Trichosanthes_cucumeroides,SNJ
Trichosanthes_kirilowii,SNJ
Trichosanthes_rosthornii,SNJ
Tricyrtis_latifolia,SNJ
Tricyrtis_macropoda,SNJ
Tricyrtis_maculata,SNJ
Trifolium_pratense,SNJ
Trifolium_repens,SNJ
Trillium_tschonoskii,SNJ
Triosteum_himalayanum,SNJ
Triplostegia_glandulifera,SNJ
Tripterospermum_chinense,SNJ
Tripterospermum_cordatum,SNJ
Trisetum_henryi,SNJ
Tsuga_chinensis,SNJ
Tussilago_farfara,SNJ
Typha_angustifolia,SNJ
Typha_orientalis,SNJ
Ulmus_bergmanniana,SNJ
Ulmus_macrocarpa,SNJ
Ulmus_parvifolia,SNJ
Uncaria_rhynchophylla,SNJ
Uncaria_sinensis,SNJ
Urtica_fissa,SNJ
Urtica_laetevirens,SNJ
Vaccinium_henryi,SNJ
Vaccinium_iteophyllum,SNJ
Vaccinium_sprengelii,SNJ
Valeriana_jatamansi,SNJ
Valeriana_officinalis,SNJ
Veratrum_grandiflorum,SNJ
Veratrum_japonicum,SNJ
Veratrum_nigrum,SNJ
Veratrum_oblongum,SNJ
Veratrum_schindleri,SNJ
Verbascum_thapsus,SNJ
Verbena_officinalis,SNJ
Vernicia_fordii,SNJ
Vernonia_natalensis,SNJ
Veronica_henryi,SNJ
Veronica_peregrina,SNJ
Veronica_polita,SNJ
Veronica_undulata,SNJ
Veronicastrum_caulopterum,SNJ
Veronicastrum_stenostachyum,SNJ
Viburnum_betulifolium,SNJ
Viburnum_chinshanense,SNJ
Viburnum_cylindricum,SNJ
Viburnum_dilatatum,SNJ
Viburnum_erosum,SNJ
Viburnum_henryi,SNJ
Viburnum_plicatum_var._tomentosum,SNJ
Viburnum_propinquum,SNJ
Viburnum_rhytidophyllum,SNJ
Viburnum_setigerum,SNJ
Viburnum_utile,SNJ
Vicia_amoena,SNJ
Vicia_cracca,SNJ
Vicia_hirsuta,SNJ
Vicia_sativa,SNJ
Vilfa_confusa,SNJ
Vincetoxicum_atratum,SNJ
Vincetoxicum_inamoenum,SNJ
Vincetoxicum_pycnostelma,SNJ
Viola_acuminata,SNJ
Viola_collina,SNJ
Viola_eamesii,SNJ
Viola_grypoceras,SNJ
Viola_mandshurica,SNJ
Viola_moupinensis,SNJ
Viola_principis,SNJ
Viola_schneideri,SNJ
Viola_selkirkii,SNJ
Viola_stewardiana,SNJ
Viola_triangulifolia,SNJ
Viola_vaginata,SNJ
Viscum_articulatum,SNJ
Vitex_negundo,SNJ
Vitis_bellula,SNJ
Vitis_betulifolia,SNJ
Vitis_davidii,SNJ
Vitis_ficifolia,SNJ
Vitis_piasezkii,SNJ
Vitis_quinquangularis,SNJ
Vitis_romanetii,SNJ
Vitis_vinifera,SNJ
Vitis_wilsoniae,SNJ
Wisteria_sinensis,SNJ
Xanthium_sibiricum,SNJ
Youngia_erythrocarpa,SNJ
Youngia_heterophylla,SNJ
Youngia_japonica,SNJ
Zannichellia_palustris,SNJ
Zanthoxylum_armatum,SNJ
Zanthoxylum_bungeanum,SNJ
Zea_mays,SNJ
Zelkova_schneideriana,SNJ
Zingiber_mioga,SNJ
Zinnia_violacea,SNJ
